schema_version,snapshot_id,capture_timestamp,source_timestamp,timezone,source,nifty_last,nifty_pchange,bank_last,bank_pchange,it_last,it_pchange,fin_service_last,fin_service_pchange,fmcg_last,fmcg_pchange,auto_last,auto_pchange,metal_last,metal_pchange,pharma_last,pharma_pchange,energy_last,energy_pchange,psu_bank_last,psu_bank_pchange,realty_last,realty_pchange,midcap_select_last,midcap_select_pchange,infra_last,infra_pchange
2.1.0,20260828_111310_089,2026-08-28T11:13:10+05:30,2026-08-28T11:13:10+05:30,Asia/Kolkata,NSE,24158.7,0.28,57517.1,0.01,31216.75,3.29,26290.85,0.04,46928.55,-0.22,28929.25,0.16,13490.15,0.48,26907.2,0.22,38088.95,-0.04,8588.6,0.01,912.35,0.3,,,9238.5,0.01
2.1.0,20260828_111402_999,2026-08-28T11:14:02+05:30,2026-08-28T11:14:02+05:30,Asia/Kolkata,NSE,24159.45,0.28,57519.95,0.02,31216.45,3.29,26295.6,0.06,46938.75,-0.19,28932.6,0.17,13488.15,0.47,26912.75,0.24,38081.85,-0.06,8590.4,0.03,912.75,0.35,,,9237.45,-0.0
2.1.0,20260828_111503_000,2026-08-28T11:15:03+05:30,2026-08-28T11:15:03+05:30,Asia/Kolkata,NSE,24162.5,0.3,57524.85,0.03,31200.9,3.24,26298.1,0.07,46946.6,-0.18,28930.55,0.16,13501.25,0.57,26922.1,0.27,38089.3,-0.04,8588.65,0.01,912.85,0.36,,,9239.6,0.02
2.1.0,20260828_111603_000,2026-08-28T11:16:03+05:30,2026-08-28T11:16:03+05:30,Asia/Kolkata,NSE,24160.65,0.29,57520.85,0.02,31206.8,3.26,26296.4,0.06,46942.15,-0.19,28924.0,0.14,13496.35,0.53,26926.85,0.29,38099.8,-0.01,8589.75,0.02,912.75,0.35,,,9239.05,0.01
2.1.0,20260828_111703_000,2026-08-28T11:17:03+05:30,2026-08-28T11:17:03+05:30,Asia/Kolkata,NSE,24159.2,0.28,57499.8,-0.02,31212.3,3.28,26285.95,0.02,46944.9,-0.18,28920.25,0.13,13487.2,0.46,26918.6,0.26,38097.6,-0.02,8587.2,-0.01,912.35,0.3,,,9240.5,0.03
2.1.0,20260828_111803_000,2026-08-28T11:18:03+05:30,2026-08-28T11:18:03+05:30,Asia/Kolkata,NSE,24153.3,0.26,57487.75,-0.04,31212.45,3.28,26277.8,-0.01,46931.55,-0.21,28897.1,0.05,13481.0,0.42,26913.5,0.24,38092.9,-0.03,8586.15,-0.02,912.25,0.29,,,9239.0,0.01
2.1.0,20260828_111903_000,2026-08-28T11:19:03+05:30,2026-08-28T11:19:03+05:30,Asia/Kolkata,NSE,24149.15,0.24,57481.0,-0.05,31218.9,3.3,26273.55,-0.03,46937.35,-0.2,28884.7,0.0,13473.4,0.36,26914.55,0.25,38090.2,-0.04,8585.2,-0.03,911.6,0.22,,,9236.0,-0.02
2.1.0,20260828_112003_000,2026-08-28T11:20:03+05:30,2026-08-28T11:20:03+05:30,Asia/Kolkata,NSE,24151.65,0.25,57480.75,-0.05,31225.4,3.32,26278.45,-0.01,46933.9,-0.21,28872.95,-0.04,13471.3,0.34,26911.85,0.24,38086.2,-0.05,8586.4,-0.02,911.55,0.21,,,9237.15,-0.01
2.1.0,20260828_112103_000,2026-08-28T11:21:03+05:30,2026-08-28T11:21:03+05:30,Asia/Kolkata,NSE,24146.95,0.23,57486.1,-0.04,31234.05,3.35,26281.4,0.0,46914.3,-0.25,28852.5,-0.11,13469.35,0.33,26906.2,0.21,38085.2,-0.05,8586.85,-0.01,911.85,0.25,,,9234.3,-0.04
2.1.0,20260828_112203_000,2026-08-28T11:22:03+05:30,2026-08-28T11:22:03+05:30,Asia/Kolkata,NSE,24144.3,0.22,57486.9,-0.04,31209.8,3.27,26281.5,0.0,46904.8,-0.27,28852.65,-0.11,13457.65,0.24,26899.75,0.19,38078.55,-0.07,8584.9,-0.03,911.65,0.23,,,9232.9,-0.05
2.1.0,20260828_112303_000,2026-08-28T11:23:03+05:30,2026-08-28T11:23:03+05:30,Asia/Kolkata,NSE,24144.0,0.22,57479.65,-0.05,31208.05,3.27,26276.55,-0.02,46909.95,-0.26,28861.05,-0.08,13452.8,0.21,26888.75,0.15,38066.85,-0.1,8582.3,-0.06,911.45,0.2,,,9233.15,-0.05
2.1.0,20260828_112403_001,2026-08-28T11:24:03+05:30,2026-08-28T11:24:03+05:30,Asia/Kolkata,NSE,24140.65,0.21,57474.9,-0.06,31206.75,3.26,26269.7,-0.04,46907.25,-0.26,28864.1,-0.07,13448.45,0.17,26890.05,0.15,38062.1,-0.11,8580.8,-0.08,911.4,0.2,,,9231.25,-0.07
2.1.0,20260828_112503_000,2026-08-28T11:25:03+05:30,2026-08-28T11:25:03+05:30,Asia/Kolkata,NSE,24139.95,0.2,57474.0,-0.06,31183.8,3.19,26273.3,-0.03,46904.8,-0.27,28864.45,-0.07,13444.9,0.15,26895.0,0.17,38055.5,-0.13,8581.5,-0.07,911.35,0.19,,,9231.6,-0.07
2.1.0,20260828_112602_999,2026-08-28T11:26:02+05:30,2026-08-28T11:26:02+05:30,Asia/Kolkata,NSE,24138.9,0.2,57466.15,-0.08,31175.3,3.16,26268.0,-0.05,46901.0,-0.28,28863.9,-0.07,13444.4,0.14,26893.45,0.17,38051.85,-0.14,8580.9,-0.08,911.05,0.16,,,9231.45,-0.07
2.1.0,20260828_112702_999,2026-08-28T11:27:02+05:30,2026-08-28T11:27:02+05:30,Asia/Kolkata,NSE,24129.05,0.16,57449.05,-0.11,31173.2,3.15,26256.25,-0.09,46900.55,-0.28,28853.4,-0.1,13430.15,0.04,26884.4,0.13,38054.55,-0.13,8579.0,-0.1,911.0,0.15,,,9228.45,-0.1
2.1.0,20260828_112803_000,2026-08-28T11:28:03+05:30,2026-08-28T11:28:03+05:30,Asia/Kolkata,NSE,24130.05,0.16,57447.9,-0.11,31166.25,3.13,26257.35,-0.09,46899.95,-0.28,28857.0,-0.09,13433.25,0.06,26882.45,0.13,38061.5,-0.11,8578.8,-0.1,911.1,0.16,,,9229.85,-0.09
2.1.0,20260828_112903_000,2026-08-28T11:29:03+05:30,2026-08-28T11:29:03+05:30,Asia/Kolkata,NSE,24124.45,0.14,57445.5,-0.11,31158.15,3.1,26255.75,-0.09,46896.05,-0.29,28837.3,-0.16,13426.45,0.01,26882.7,0.13,38053.5,-0.13,8580.4,-0.09,910.4,0.09,,,9226.95,-0.12
2.1.0,20260828_113003_000,2026-08-28T11:30:03+05:30,2026-08-28T11:30:03+05:30,Asia/Kolkata,NSE,24116.9,0.11,57424.9,-0.15,31129.9,3.01,26246.55,-0.13,46896.6,-0.28,28811.85,-0.25,13425.65,0.0,26875.7,0.1,38057.45,-0.12,8574.7,-0.15,909.4,-0.02,,,9224.1,-0.15
2.1.0,20260828_113103_000,2026-08-28T11:31:03+05:30,2026-08-28T11:31:03+05:30,Asia/Kolkata,NSE,24120.05,0.12,57428.65,-0.14,31134.5,3.02,26249.65,-0.12,46884.35,-0.31,28806.65,-0.27,13428.6,0.03,26876.75,0.1,38057.8,-0.12,8573.95,-0.16,909.2,-0.04,,,9226.4,-0.12
2.1.0,20260828_113203_000,2026-08-28T11:32:03+05:30,2026-08-28T11:32:03+05:30,Asia/Kolkata,NSE,24121.95,0.13,57437.35,-0.13,31113.6,2.95,26252.5,-0.11,46867.4,-0.35,28821.6,-0.21,13434.15,0.07,26882.55,0.13,38064.9,-0.1,8575.5,-0.14,908.95,-0.07,,,9227.3,-0.11
2.1.0,20260828_113303_000,2026-08-28T11:33:03+05:30,2026-08-28T11:33:03+05:30,Asia/Kolkata,NSE,24117.7,0.11,57441.75,-0.12,31112.85,2.95,26253.45,-0.1,46849.3,-0.39,28797.45,-0.3,13432.05,0.05,26876.1,0.1,38054.5,-0.13,8577.2,-0.12,908.45,-0.13,,,9223.75,-0.15
2.1.0,20260828_113403_000,2026-08-28T11:34:03+05:30,2026-08-28T11:34:03+05:30,Asia/Kolkata,NSE,24105.95,0.06,57415.6,-0.16,31095.95,2.89,26242.05,-0.15,46826.8,-0.43,28784.7,-0.34,13427.15,0.01,26865.7,0.06,38046.25,-0.15,8571.6,-0.19,908.2,-0.15,,,9220.35,-0.19
2.1.0,20260828_113503_000,2026-08-28T11:35:03+05:30,2026-08-28T11:35:03+05:30,Asia/Kolkata,NSE,24107.8,0.07,57423.25,-0.15,31100.75,2.91,26241.45,-0.15,46832.85,-0.42,28791.35,-0.32,13429.4,0.03,26866.95,0.07,38043.4,-0.16,8572.6,-0.18,908.4,-0.13,,,9221.85,-0.17
2.1.0,20260828_113603_000,2026-08-28T11:36:03+05:30,2026-08-28T11:36:03+05:30,Asia/Kolkata,NSE,24095.1,0.02,57386.1,-0.22,31080.15,2.84,26224.7,-0.21,46824.2,-0.44,28754.65,-0.45,13421.45,-0.03,26865.3,0.06,38031.95,-0.19,8564.5,-0.27,908.25,-0.15,,,9217.4,-0.22
2.1.0,20260828_113703_000,2026-08-28T11:37:03+05:30,2026-08-28T11:37:03+05:30,Asia/Kolkata,NSE,24095.25,0.02,57385.75,-0.22,31073.2,2.82,26227.35,-0.2,46819.1,-0.45,28744.6,-0.48,13419.75,-0.04,26869.2,0.08,38047.55,-0.15,8564.9,-0.27,908.25,-0.15,,,9217.55,-0.22
2.1.0,20260828_113803_000,2026-08-28T11:38:03+05:30,2026-08-28T11:38:03+05:30,Asia/Kolkata,NSE,24100.85,0.04,57415.95,-0.16,31075.3,2.83,26241.05,-0.15,46814.25,-0.46,28746.55,-0.47,13421.7,-0.03,26860.15,0.04,38020.15,-0.22,8570.25,-0.2,908.55,-0.12,,,9219.35,-0.2
2.1.0,20260828_113903_000,2026-08-28T11:39:03+05:30,2026-08-28T11:39:03+05:30,Asia/Kolkata,NSE,24102.0,0.05,57427.2,-0.14,31042.45,2.72,26247.65,-0.13,46815.2,-0.46,28752.6,-0.45,13422.7,-0.02,26855.45,0.02,38031.85,-0.19,8571.15,-0.19,908.7,-0.1,,,9220.3,-0.19
2.1.0,20260828_114003_000,2026-08-28T11:40:03+05:30,2026-08-28T11:40:03+05:30,Asia/Kolkata,NSE,24101.8,0.05,57424.25,-0.15,31038.7,2.71,26246.85,-0.13,46810.85,-0.47,28750.2,-0.46,13424.05,-0.01,26854.75,0.02,38042.35,-0.16,8569.5,-0.21,908.95,-0.07,,,9219.75,-0.2
2.1.0,20260828_114103_000,2026-08-28T11:41:03+05:30,2026-08-28T11:41:03+05:30,Asia/Kolkata,NSE,24103.2,0.05,57433.05,-0.13,31050.9,2.75,26251.5,-0.11,46812.3,-0.46,28729.9,-0.53,13422.2,-0.02,26854.75,0.02,38041.55,-0.16,8570.85,-0.2,908.75,-0.09,,,9219.7,-0.2
2.1.0,20260828_114203_000,2026-08-28T11:42:03+05:30,2026-08-28T11:42:03+05:30,Asia/Kolkata,NSE,24102.25,0.05,57427.25,-0.14,31041.3,2.71,26248.15,-0.12,46817.2,-0.45,28716.5,-0.58,13424.7,-0.0,26855.25,0.02,38047.05,-0.15,8571.75,-0.19,908.9,-0.08,,,9221.0,-0.18
2.1.0,20260828_114302_999,2026-08-28T11:43:02+05:30,2026-08-28T11:43:02+05:30,Asia/Kolkata,NSE,24098.45,0.03,57411.95,-0.17,31042.3,2.72,26242.1,-0.15,46812.7,-0.46,28699.75,-0.64,13420.95,-0.03,26853.85,0.02,38029.45,-0.2,8569.45,-0.21,908.75,-0.09,,,9219.0,-0.2
2.1.0,20260828_114403_001,2026-08-28T11:44:03+05:30,2026-08-28T11:44:03+05:30,Asia/Kolkata,NSE,24102.8,0.05,57418.65,-0.16,31067.3,2.8,26243.4,-0.14,46793.3,-0.5,28684.45,-0.69,13419.4,-0.04,26853.2,0.02,38039.45,-0.17,8568.75,-0.22,908.3,-0.14,,,9218.9,-0.2
2.1.0,20260828_114503_001,2026-08-28T11:45:03+05:30,2026-08-28T11:45:03+05:30,Asia/Kolkata,NSE,24105.55,0.06,57437.1,-0.13,31076.9,2.83,26252.2,-0.11,46781.3,-0.53,28684.45,-0.69,13417.3,-0.06,26846.35,-0.01,38030.2,-0.19,8571.25,-0.19,908.25,-0.15,,,9219.25,-0.2
2.1.0,20260828_114603_000,2026-08-28T11:46:03+05:30,2026-08-28T11:46:03+05:30,Asia/Kolkata,NSE,24102.35,0.05,57427.15,-0.14,31085.2,2.86,26245.95,-0.13,46758.85,-0.58,28703.55,-0.62,13412.6,-0.09,26850.4,0.01,38021.75,-0.22,8570.7,-0.2,907.9,-0.19,,,9217.2,-0.22
2.1.0,20260828_114703_000,2026-08-28T11:47:03+05:30,2026-08-28T11:47:03+05:30,Asia/Kolkata,NSE,24101.15,0.04,57421.5,-0.15,31071.0,2.81,26241.9,-0.15,46765.3,-0.56,28709.3,-0.6,13412.9,-0.09,26853.1,0.02,38026.5,-0.2,8571.2,-0.19,907.85,-0.19,,,9217.85,-0.22
2.1.0,20260828_114803_000,2026-08-28T11:48:03+05:30,2026-08-28T11:48:03+05:30,Asia/Kolkata,NSE,24102.1,0.05,57419.8,-0.16,31068.35,2.8,26241.2,-0.15,46768.95,-0.56,28714.25,-0.59,13415.35,-0.07,26849.75,0.0,38038.7,-0.17,8570.2,-0.2,907.85,-0.19,,,9217.9,-0.22
2.1.0,20260828_114903_000,2026-08-28T11:49:03+05:30,2026-08-28T11:49:03+05:30,Asia/Kolkata,NSE,24103.3,0.05,57428.7,-0.14,31052.1,2.75,26246.1,-0.13,46774.6,-0.54,28725.45,-0.55,13414.65,-0.08,26846.95,-0.01,38039.15,-0.17,8573.35,-0.17,907.65,-0.21,,,9219.05,-0.2
2.1.0,20260828_115003_000,2026-08-28T11:50:03+05:30,2026-08-28T11:50:03+05:30,Asia/Kolkata,NSE,24106.85,0.07,57427.3,-0.14,31081.9,2.85,26244.45,-0.14,46771.9,-0.55,28749.45,-0.46,13410.2,-0.11,26860.8,0.04,38037.3,-0.17,8572.05,-0.18,907.1,-0.27,,,9219.45,-0.2
2.1.0,20260828_115102_999,2026-08-28T11:51:02+05:30,2026-08-28T11:51:02+05:30,Asia/Kolkata,NSE,24108.45,0.07,57435.45,-0.13,31089.75,2.87,26248.75,-0.12,46777.0,-0.54,28756.05,-0.44,13412.05,-0.1,26857.6,0.03,38027.45,-0.2,8573.15,-0.17,906.75,-0.31,,,9218.05,-0.21
2.1.0,20260828_115203_000,2026-08-28T11:52:03+05:30,2026-08-28T11:52:03+05:30,Asia/Kolkata,NSE,24105.15,0.06,57417.7,-0.16,31079.15,2.84,26243.85,-0.14,46780.55,-0.53,28750.25,-0.46,13410.25,-0.11,26858.4,0.04,38018.05,-0.23,8572.65,-0.18,906.4,-0.35,,,9218.15,-0.21
2.1.0,20260828_115303_000,2026-08-28T11:53:03+05:30,2026-08-28T11:53:03+05:30,Asia/Kolkata,NSE,24103.85,0.05,57415.3,-0.16,31087.05,2.87,26241.4,-0.15,46780.75,-0.53,28744.0,-0.48,13410.35,-0.11,26853.75,0.02,38005.4,-0.26,8570.95,-0.2,906.3,-0.36,,,9217.9,-0.22
2.1.0,20260828_115403_000,2026-08-28T11:54:03+05:30,2026-08-28T11:54:03+05:30,Asia/Kolkata,NSE,24099.25,0.03,57397.3,-0.2,31074.65,2.82,26230.45,-0.19,46779.95,-0.53,28755.05,-0.44,13409.45,-0.12,26854.0,0.02,38011.05,-0.24,8568.65,-0.22,906.4,-0.35,,,9218.25,-0.21
2.1.0,20260828_115503_000,2026-08-28T11:55:03+05:30,2026-08-28T11:55:03+05:30,Asia/Kolkata,NSE,24097.9,0.03,57405.75,-0.18,31060.95,2.78,26232.05,-0.18,46761.75,-0.57,28755.65,-0.44,13408.5,-0.12,26853.95,0.02,38007.6,-0.25,8567.4,-0.24,906.3,-0.36,,,9217.35,-0.22
2.1.0,20260828_115603_000,2026-08-28T11:56:03+05:30,2026-08-28T11:56:03+05:30,Asia/Kolkata,NSE,24096.05,0.02,57399.6,-0.19,31071.4,2.81,26230.65,-0.19,46770.05,-0.55,28744.05,-0.48,13407.25,-0.13,26846.5,-0.01,38000.4,-0.27,8566.2,-0.25,905.9,-0.41,,,9215.45,-0.24
2.1.0,20260828_115702_999,2026-08-28T11:57:02+05:30,2026-08-28T11:57:02+05:30,Asia/Kolkata,NSE,24085.25,-0.02,57361.35,-0.26,31049.25,2.74,26212.25,-0.26,46762.95,-0.57,28730.4,-0.53,13398.6,-0.2,26834.45,-0.05,37983.8,-0.32,8559.55,-0.33,905.45,-0.46,,,9212.5,-0.27
2.1.0,20260828_115803_000,2026-08-28T11:58:03+05:30,2026-08-28T11:58:03+05:30,Asia/Kolkata,NSE,24077.95,-0.05,57348.25,-0.28,31041.35,2.71,26200.8,-0.3,46754.25,-0.59,28739.5,-0.5,13397.55,-0.21,26831.65,-0.06,37977.8,-0.33,8558.8,-0.34,905.05,-0.5,,,9209.05,-0.31
2.1.0,20260828_115903_000,2026-08-28T11:59:03+05:30,2026-08-28T11:59:03+05:30,Asia/Kolkata,NSE,24085.8,-0.02,57360.4,-0.26,31062.6,2.78,26209.8,-0.27,46754.6,-0.59,28756.35,-0.44,13405.6,-0.15,26837.55,-0.04,37987.45,-0.31,8561.7,-0.3,905.3,-0.47,,,9210.65,-0.29
2.1.0,20260828_120003_000,2026-08-28T12:00:03+05:30,2026-08-28T12:00:03+05:30,Asia/Kolkata,NSE,24085.3,-0.02,57367.6,-0.25,31063.0,2.79,26211.0,-0.27,46751.55,-0.59,28759.6,-0.43,13402.1,-0.17,26835.55,-0.05,37986.85,-0.31,8563.75,-0.28,905.6,-0.44,,,9209.8,-0.3
2.1.0,20260828_120103_000,2026-08-28T12:01:03+05:30,2026-08-28T12:01:03+05:30,Asia/Kolkata,NSE,24083.55,-0.03,57363.7,-0.25,31061.75,2.78,26212.0,-0.26,46751.8,-0.59,28751.7,-0.46,13402.55,-0.17,26835.15,-0.05,37981.5,-0.32,8563.45,-0.28,905.35,-0.47,,,9209.45,-0.31
2.1.0,20260828_120203_000,2026-08-28T12:02:03+05:30,2026-08-28T12:02:03+05:30,Asia/Kolkata,NSE,24083.95,-0.03,57363.95,-0.25,31061.45,2.78,26213.95,-0.25,46760.4,-0.57,28750.6,-0.46,13403.3,-0.16,26835.55,-0.05,37977.0,-0.33,8563.6,-0.28,905.2,-0.48,,,9209.55,-0.31
2.1.0,20260828_120303_000,2026-08-28T12:03:03+05:30,2026-08-28T12:03:03+05:30,Asia/Kolkata,NSE,24084.15,-0.03,57368.85,-0.25,31057.9,2.77,26216.6,-0.24,46748.2,-0.6,28749.15,-0.47,13403.1,-0.16,26835.25,-0.05,37981.15,-0.32,8565.15,-0.26,905.25,-0.48,,,9209.5,-0.31
2.1.0,20260828_120403_000,2026-08-28T12:04:03+05:30,2026-08-28T12:04:03+05:30,Asia/Kolkata,NSE,24081.35,-0.04,57354.4,-0.27,31074.55,2.82,26211.65,-0.26,46749.2,-0.6,28744.7,-0.48,13404.05,-0.16,26827.35,-0.08,37977.6,-0.33,8564.15,-0.28,904.9,-0.52,,,9207.45,-0.33
2.1.0,20260828_120503_000,2026-08-28T12:05:03+05:30,2026-08-28T12:05:03+05:30,Asia/Kolkata,NSE,24090.55,-0.0,57378.7,-0.23,31078.45,2.84,26220.35,-0.23,46761.15,-0.57,28771.4,-0.39,13407.3,-0.13,26833.4,-0.06,37983.55,-0.32,8572.0,-0.18,906.0,-0.4,,,9212.1,-0.28
2.1.0,20260828_120603_000,2026-08-28T12:06:03+05:30,2026-08-28T12:06:03+05:30,Asia/Kolkata,NSE,24086.7,-0.02,57369.15,-0.24,31070.65,2.81,26214.95,-0.25,46770.6,-0.55,28770.65,-0.39,13406.2,-0.14,26838.05,-0.04,37976.15,-0.34,8569.6,-0.21,905.35,-0.47,,,9210.1,-0.3
2.1.0,20260828_120703_000,2026-08-28T12:07:03+05:30,2026-08-28T12:07:03+05:30,Asia/Kolkata,NSE,24090.0,-0.0,57374.85,-0.23,31085.7,2.86,26218.75,-0.24,46764.8,-0.56,28777.05,-0.37,13412.15,-0.1,26840.35,-0.03,37972.95,-0.34,8569.8,-0.21,905.35,-0.47,,,9211.0,-0.29
2.1.0,20260828_120803_000,2026-08-28T12:08:03+05:30,2026-08-28T12:08:03+05:30,Asia/Kolkata,NSE,24094.35,0.01,57384.7,-0.22,31085.35,2.86,26218.05,-0.24,46769.35,-0.56,28787.65,-0.33,13415.25,-0.07,26842.65,-0.02,37986.3,-0.31,8571.25,-0.19,905.6,-0.44,,,9213.8,-0.26
2.1.0,20260828_120903_000,2026-08-28T12:09:03+05:30,2026-08-28T12:09:03+05:30,Asia/Kolkata,NSE,24095.1,0.02,57381.7,-0.22,31104.0,2.92,26216.7,-0.24,46770.7,-0.55,28779.35,-0.36,13414.3,-0.08,26851.65,0.01,37994.25,-0.29,8570.7,-0.2,905.4,-0.46,,,9214.2,-0.26
2.1.0,20260828_121003_000,2026-08-28T12:10:03+05:30,2026-08-28T12:10:03+05:30,Asia/Kolkata,NSE,24085.9,-0.02,57352.25,-0.27,31134.15,3.02,26203.65,-0.29,46765.4,-0.56,28768.85,-0.4,13414.75,-0.08,26854.05,0.02,37983.95,-0.31,8568.05,-0.23,905.2,-0.48,,,9209.95,-0.3
2.1.0,20260828_121102_999,2026-08-28T12:11:02+05:30,2026-08-28T12:11:02+05:30,Asia/Kolkata,NSE,24083.05,-0.03,57353.6,-0.27,31119.3,2.97,26203.3,-0.29,46744.8,-0.61,28741.05,-0.49,13414.25,-0.08,26849.25,0.0,37979.1,-0.33,8566.4,-0.25,904.95,-0.51,,,9209.1,-0.31
2.1.0,20260828_121203_001,2026-08-28T12:12:03+05:30,2026-08-28T12:12:03+05:30,Asia/Kolkata,NSE,24078.65,-0.05,57336.65,-0.3,31100.25,2.91,26196.0,-0.32,46743.05,-0.61,28742.65,-0.49,13411.15,-0.1,26853.6,0.02,37972.9,-0.34,8565.1,-0.26,904.7,-0.54,,,9208.25,-0.32
2.1.0,20260828_121303_000,2026-08-28T12:13:03+05:30,2026-08-28T12:13:03+05:30,Asia/Kolkata,NSE,24080.25,-0.04,57341.55,-0.29,31091.0,2.88,26197.5,-0.32,46734.3,-0.63,28738.2,-0.5,13412.1,-0.1,26853.75,0.02,37976.1,-0.34,8565.35,-0.26,904.5,-0.56,,,9209.8,-0.3
2.1.0,20260828_121403_000,2026-08-28T12:14:03+05:30,2026-08-28T12:14:03+05:30,Asia/Kolkata,NSE,24086.1,-0.02,57353.1,-0.27,31103.45,2.92,26209.8,-0.27,46732.65,-0.63,28740.05,-0.5,13409.6,-0.12,26858.6,0.04,37966.7,-0.36,8561.5,-0.31,904.6,-0.55,,,9209.25,-0.31
2.1.0,20260828_121503_000,2026-08-28T12:15:03+05:30,2026-08-28T12:15:03+05:30,Asia/Kolkata,NSE,24086.35,-0.02,57355.4,-0.27,31090.5,2.88,26210.8,-0.27,46739.85,-0.62,28743.1,-0.49,13410.9,-0.11,26859.2,0.04,37963.8,-0.37,8564.5,-0.27,904.7,-0.54,,,9209.1,-0.31
2.1.0,20260828_121603_000,2026-08-28T12:16:03+05:30,2026-08-28T12:16:03+05:30,Asia/Kolkata,NSE,24087.6,-0.01,57361.1,-0.26,31095.4,2.89,26211.15,-0.26,46738.2,-0.62,28741.25,-0.49,13410.55,-0.11,26858.55,0.04,37967.1,-0.36,8565.1,-0.26,904.5,-0.56,,,9210.15,-0.3
2.1.0,20260828_121703_000,2026-08-28T12:17:03+05:30,2026-08-28T12:17:03+05:30,Asia/Kolkata,NSE,24086.4,-0.02,57353.45,-0.27,31104.35,2.92,26208.3,-0.28,46747.35,-0.6,28743.7,-0.48,13408.2,-0.13,26855.9,0.03,37966.35,-0.36,8563.75,-0.28,904.7,-0.54,,,9210.35,-0.3
2.1.0,20260828_121803_000,2026-08-28T12:18:03+05:30,2026-08-28T12:18:03+05:30,Asia/Kolkata,NSE,24088.25,-0.01,57350.6,-0.28,31107.25,2.93,26207.25,-0.28,46744.85,-0.61,28741.95,-0.49,13408.75,-0.12,26856.4,0.03,37969.75,-0.35,8562.75,-0.29,904.25,-0.59,,,9212.5,-0.27
2.1.0,20260828_121903_000,2026-08-28T12:19:03+05:30,2026-08-28T12:19:03+05:30,Asia/Kolkata,NSE,24089.15,-0.01,57355.85,-0.27,31100.5,2.91,26211.35,-0.26,46749.75,-0.6,28744.45,-0.48,13408.7,-0.12,26861.85,0.05,37964.95,-0.36,8564.75,-0.27,904.4,-0.57,,,9212.5,-0.27
2.1.0,20260828_122003_000,2026-08-28T12:20:03+05:30,2026-08-28T12:20:03+05:30,Asia/Kolkata,NSE,24089.4,-0.01,57356.3,-0.27,31113.0,2.95,26212.9,-0.26,46756.65,-0.58,28750.25,-0.46,13410.4,-0.11,26852.35,0.01,37961.55,-0.37,8565.15,-0.26,904.55,-0.56,,,9213.05,-0.27
2.1.0,20260828_122103_000,2026-08-28T12:21:03+05:30,2026-08-28T12:21:03+05:30,Asia/Kolkata,NSE,24093.4,0.01,57353.35,-0.27,31149.4,3.07,26213.25,-0.26,46752.9,-0.59,28745.45,-0.48,13413.65,-0.09,26853.85,0.02,37960.95,-0.38,8565.55,-0.26,904.9,-0.52,,,9214.95,-0.25
2.1.0,20260828_122203_000,2026-08-28T12:22:03+05:30,2026-08-28T12:22:03+05:30,Asia/Kolkata,NSE,24092.8,0.01,57354.75,-0.27,31148.15,3.07,26212.05,-0.26,46754.7,-0.59,28741.35,-0.49,13412.95,-0.09,26860.2,0.04,37957.35,-0.38,8566.4,-0.25,904.4,-0.57,,,9214.95,-0.25
2.1.0,20260828_122303_000,2026-08-28T12:23:03+05:30,2026-08-28T12:23:03+05:30,Asia/Kolkata,NSE,24089.7,-0.0,57347.3,-0.28,31133.15,3.02,26208.65,-0.27,46756.55,-0.58,28743.5,-0.48,13409.45,-0.12,26851.0,0.01,37960.8,-0.38,8566.15,-0.25,904.35,-0.58,,,9214.45,-0.25
2.1.0,20260828_122402_999,2026-08-28T12:24:02+05:30,2026-08-28T12:24:02+05:30,Asia/Kolkata,NSE,24084.8,-0.03,57347.0,-0.28,31125.15,2.99,26207.35,-0.28,46719.7,-0.66,28741.6,-0.49,13413.1,-0.09,26854.6,0.02,37945.2,-0.42,8566.3,-0.25,904.55,-0.56,,,9211.9,-0.28
2.1.0,20260828_122503_000,2026-08-28T12:25:03+05:30,2026-08-28T12:25:03+05:30,Asia/Kolkata,NSE,24086.9,-0.02,57342.65,-0.29,31136.9,3.03,26207.45,-0.28,46728.75,-0.64,28735.95,-0.51,13415.35,-0.07,26857.55,0.03,37942.35,-0.42,8565.5,-0.26,904.8,-0.53,,,9211.45,-0.29
2.1.0,20260828_122603_000,2026-08-28T12:26:03+05:30,2026-08-28T12:26:03+05:30,Asia/Kolkata,NSE,24088.6,-0.01,57344.9,-0.29,31147.9,3.07,26212.1,-0.26,46726.6,-0.65,28743.7,-0.48,13415.1,-0.08,26861.15,0.05,37942.85,-0.42,8566.15,-0.25,904.9,-0.52,,,9212.85,-0.27
2.1.0,20260828_122703_000,2026-08-28T12:27:03+05:30,2026-08-28T12:27:03+05:30,Asia/Kolkata,NSE,24091.15,0.0,57350.75,-0.28,31149.3,3.07,26215.3,-0.25,46727.6,-0.64,28742.1,-0.49,13413.7,-0.09,26859.0,0.04,37944.45,-0.42,8567.55,-0.24,904.8,-0.53,,,9213.85,-0.26
2.1.0,20260828_122803_000,2026-08-28T12:28:03+05:30,2026-08-28T12:28:03+05:30,Asia/Kolkata,NSE,24092.7,0.01,57356.55,-0.27,31150.7,3.08,26217.7,-0.24,46734.05,-0.63,28748.2,-0.47,13415.45,-0.07,26863.35,0.05,37953.95,-0.39,8568.4,-0.23,904.9,-0.52,,,9214.65,-0.25
2.1.0,20260828_122903_000,2026-08-28T12:29:03+05:30,2026-08-28T12:29:03+05:30,Asia/Kolkata,NSE,24092.35,0.01,57354.45,-0.27,31159.6,3.11,26215.8,-0.25,46731.8,-0.64,28739.2,-0.5,13417.75,-0.06,26865.9,0.06,37952.45,-0.4,8568.2,-0.23,904.8,-0.53,,,9213.95,-0.26
2.1.0,20260828_123003_000,2026-08-28T12:30:03+05:30,2026-08-28T12:30:03+05:30,Asia/Kolkata,NSE,24095.1,0.02,57373.6,-0.24,31151.3,3.08,26225.95,-0.21,46742.55,-0.61,28738.2,-0.5,13413.85,-0.08,26863.15,0.05,37952.2,-0.4,8568.4,-0.23,905.15,-0.49,,,9213.75,-0.26
2.1.0,20260828_123103_000,2026-08-28T12:31:03+05:30,2026-08-28T12:31:03+05:30,Asia/Kolkata,NSE,24096.05,0.02,57378.05,-0.23,31150.85,3.08,26225.4,-0.21,46740.8,-0.62,28723.4,-0.55,13417.2,-0.06,26870.25,0.08,37957.25,-0.38,8569.5,-0.21,905.2,-0.48,,,9214.65,-0.25
2.1.0,20260828_123202_999,2026-08-28T12:32:02+05:30,2026-08-28T12:32:02+05:30,Asia/Kolkata,NSE,24098.3,0.03,57379.05,-0.23,31134.95,3.02,26224.5,-0.21,46722.05,-0.66,28715.35,-0.58,13430.8,0.04,26867.55,0.07,37979.05,-0.33,8572.4,-0.18,905.25,-0.48,,,9219.35,-0.2
2.1.0,20260828_123303_001,2026-08-28T12:33:03+05:30,2026-08-28T12:33:03+05:30,Asia/Kolkata,NSE,24100.35,0.04,57377.5,-0.23,31146.5,3.06,26224.4,-0.21,46710.7,-0.68,28730.7,-0.53,13431.3,0.05,26880.85,0.12,37985.9,-0.31,8570.9,-0.2,905.25,-0.48,,,9221.4,-0.18
2.1.0,20260828_123403_000,2026-08-28T12:34:03+05:30,2026-08-28T12:34:03+05:30,Asia/Kolkata,NSE,24100.3,0.04,57375.1,-0.23,31138.6,3.04,26221.85,-0.22,46708.95,-0.68,28725.25,-0.55,13441.1,0.12,26872.4,0.09,37981.95,-0.32,8569.35,-0.21,904.9,-0.52,,,9221.8,-0.17
2.1.0,20260828_123503_000,2026-08-28T12:35:03+05:30,2026-08-28T12:35:03+05:30,Asia/Kolkata,NSE,24101.9,0.05,57385.6,-0.22,31133.6,3.02,26225.65,-0.21,46715.0,-0.67,28718.3,-0.57,13441.1,0.12,26875.1,0.1,37981.15,-0.32,8570.05,-0.21,905.25,-0.48,,,9222.75,-0.16
2.1.0,20260828_123602_999,2026-08-28T12:36:02+05:30,2026-08-28T12:36:02+05:30,Asia/Kolkata,NSE,24101.4,0.04,57371.3,-0.24,31137.65,3.03,26220.35,-0.23,46723.15,-0.65,28718.55,-0.57,13425.4,0.0,26875.25,0.1,37980.0,-0.33,8568.25,-0.23,905.1,-0.49,,,9222.4,-0.17
2.1.0,20260828_123703_000,2026-08-28T12:37:03+05:30,2026-08-28T12:37:03+05:30,Asia/Kolkata,NSE,24103.2,0.05,57378.4,-0.23,31137.3,3.03,26224.75,-0.21,46726.55,-0.65,28724.65,-0.55,13423.25,-0.01,26876.55,0.1,37982.2,-0.32,8566.95,-0.24,905.15,-0.49,,,9221.1,-0.18
2.1.0,20260828_123803_000,2026-08-28T12:38:03+05:30,2026-08-28T12:38:03+05:30,Asia/Kolkata,NSE,24102.6,0.05,57381.0,-0.22,31150.2,3.07,26226.4,-0.21,46716.55,-0.67,28726.85,-0.54,13418.05,-0.05,26880.3,0.12,37983.8,-0.32,8566.75,-0.25,905.45,-0.46,,,9220.35,-0.19
2.1.0,20260828_123903_000,2026-08-28T12:39:03+05:30,2026-08-28T12:39:03+05:30,Asia/Kolkata,NSE,24103.9,0.05,57384.45,-0.22,31149.35,3.07,26228.3,-0.2,46724.85,-0.65,28726.7,-0.54,13421.4,-0.03,26876.6,0.1,37984.6,-0.31,8570.9,-0.2,905.45,-0.46,,,9221.55,-0.18
2.1.0,20260828_124003_000,2026-08-28T12:40:03+05:30,2026-08-28T12:40:03+05:30,Asia/Kolkata,NSE,24105.35,0.06,57390.0,-0.21,31156.45,3.09,26231.75,-0.19,46721.2,-0.66,28730.8,-0.53,13420.7,-0.03,26870.55,0.08,37981.05,-0.32,8574.05,-0.16,905.55,-0.45,,,9220.25,-0.19
2.1.0,20260828_124103_000,2026-08-28T12:41:03+05:30,2026-08-28T12:41:03+05:30,Asia/Kolkata,NSE,24105.2,0.06,57394.5,-0.2,31144.35,3.05,26231.75,-0.19,46713.65,-0.67,28745.05,-0.48,13419.4,-0.04,26875.8,0.1,37977.65,-0.33,8575.5,-0.14,905.5,-0.45,,,9220.05,-0.19
2.1.0,20260828_124203_000,2026-08-28T12:42:03+05:30,2026-08-28T12:42:03+05:30,Asia/Kolkata,NSE,24105.0,0.06,57390.55,-0.21,31147.25,3.06,26230.55,-0.19,46715.3,-0.67,28748.2,-0.47,13419.2,-0.04,26870.6,0.08,37975.45,-0.34,8574.7,-0.15,905.65,-0.43,,,9220.0,-0.19
2.1.0,20260828_124303_000,2026-08-28T12:43:03+05:30,2026-08-28T12:43:03+05:30,Asia/Kolkata,NSE,24105.15,0.06,57393.95,-0.2,31151.8,3.08,26232.8,-0.18,46715.4,-0.67,28751.45,-0.46,13417.75,-0.06,26868.75,0.07,37973.75,-0.34,8574.35,-0.16,905.75,-0.42,,,9220.0,-0.19
2.1.0,20260828_124403_000,2026-08-28T12:44:03+05:30,2026-08-28T12:44:03+05:30,Asia/Kolkata,NSE,24106.85,0.07,57398.15,-0.19,31163.3,3.12,26235.1,-0.17,46716.75,-0.67,28755.1,-0.44,13420.9,-0.03,26871.9,0.09,37971.65,-0.35,8576.65,-0.13,905.4,-0.46,,,9219.65,-0.2
2.1.0,20260828_124502_999,2026-08-28T12:45:02+05:30,2026-08-28T12:45:02+05:30,Asia/Kolkata,NSE,24104.1,0.06,57398.95,-0.19,31164.15,3.12,26231.3,-0.19,46729.25,-0.64,28747.65,-0.47,13422.55,-0.02,26874.7,0.1,37965.0,-0.36,8577.6,-0.12,905.15,-0.49,,,9218.5,-0.21
2.1.0,20260828_124602_999,2026-08-28T12:46:02+05:30,2026-08-28T12:46:02+05:30,Asia/Kolkata,NSE,24103.3,0.05,57398.45,-0.19,31162.85,3.12,26230.85,-0.19,46728.55,-0.64,28739.4,-0.5,13424.25,-0.01,26877.45,0.11,37965.75,-0.36,8577.05,-0.13,905.4,-0.46,,,9219.3,-0.2
2.1.0,20260828_124702_999,2026-08-28T12:47:02+05:30,2026-08-28T12:47:02+05:30,Asia/Kolkata,NSE,24106.6,0.07,57413.2,-0.17,31164.4,3.12,26235.35,-0.17,46732.8,-0.63,28735.7,-0.51,13425.3,0.0,26884.75,0.13,37971.5,-0.35,8582.0,-0.07,905.45,-0.46,,,9219.9,-0.19
2.1.0,20260828_124803_000,2026-08-28T12:48:03+05:30,2026-08-28T12:48:03+05:30,Asia/Kolkata,NSE,24105.95,0.06,57410.35,-0.17,31168.55,3.13,26231.35,-0.19,46731.9,-0.63,28737.6,-0.51,13428.4,0.02,26884.9,0.13,37970.2,-0.35,8582.2,-0.07,906.0,-0.4,,,9220.4,-0.19
2.1.0,20260828_124903_000,2026-08-28T12:49:03+05:30,2026-08-28T12:49:03+05:30,Asia/Kolkata,NSE,24107.35,0.07,57418.0,-0.16,31180.55,3.17,26235.55,-0.17,46710.0,-0.68,28738.55,-0.5,13426.45,0.01,26881.0,0.12,37964.45,-0.37,8581.15,-0.08,905.85,-0.41,,,9220.4,-0.19
2.1.0,20260828_125003_000,2026-08-28T12:50:03+05:30,2026-08-28T12:50:03+05:30,Asia/Kolkata,NSE,24108.45,0.07,57411.75,-0.17,31197.85,3.23,26234.15,-0.18,46705.8,-0.69,28735.65,-0.51,13433.85,0.06,26878.05,0.11,37962.25,-0.37,8579.6,-0.1,905.75,-0.42,,,9219.95,-0.19
2.1.0,20260828_125103_000,2026-08-28T12:51:03+05:30,2026-08-28T12:51:03+05:30,Asia/Kolkata,NSE,24106.7,0.07,57406.35,-0.18,31210.5,3.27,26232.35,-0.18,46705.05,-0.69,28735.15,-0.51,13431.5,0.05,26880.0,0.12,37951.45,-0.4,8579.55,-0.1,905.65,-0.43,,,9217.8,-0.22
2.1.0,20260828_125202_999,2026-08-28T12:52:02+05:30,2026-08-28T12:52:02+05:30,Asia/Kolkata,NSE,24107.25,0.07,57401.2,-0.19,31230.35,3.34,26231.9,-0.19,46687.5,-0.73,28731.55,-0.53,13432.2,0.05,26872.5,0.09,37949.4,-0.41,8578.0,-0.11,905.45,-0.46,,,9216.65,-0.23
2.1.0,20260828_125303_000,2026-08-28T12:53:03+05:30,2026-08-28T12:53:03+05:30,Asia/Kolkata,NSE,24109.25,0.08,57396.35,-0.2,31248.35,3.4,26230.25,-0.19,46683.05,-0.74,28738.45,-0.5,13436.95,0.09,26878.5,0.11,37941.15,-0.43,8576.15,-0.14,905.35,-0.47,,,9216.95,-0.23
2.1.0,20260828_125403_000,2026-08-28T12:54:03+05:30,2026-08-28T12:54:03+05:30,Asia/Kolkata,NSE,24106.95,0.07,57390.95,-0.21,31256.3,3.43,26225.45,-0.21,46684.55,-0.74,28735.6,-0.51,13437.4,0.09,26879.25,0.11,37944.8,-0.42,8577.85,-0.12,905.3,-0.47,,,9217.25,-0.22
2.1.0,20260828_125503_000,2026-08-28T12:55:03+05:30,2026-08-28T12:55:03+05:30,Asia/Kolkata,NSE,24105.7,0.06,57384.75,-0.22,31235.6,3.36,26224.0,-0.22,46679.2,-0.75,28735.0,-0.51,13437.9,0.09,26880.6,0.12,37950.65,-0.4,8577.6,-0.12,905.25,-0.48,,,9218.25,-0.21
2.1.0,20260828_125602_999,2026-08-28T12:56:02+05:30,2026-08-28T12:56:02+05:30,Asia/Kolkata,NSE,24103.6,0.05,57384.5,-0.22,31224.9,3.32,26223.6,-0.22,46682.85,-0.74,28711.85,-0.59,13441.3,0.12,26877.95,0.11,37949.65,-0.4,8577.35,-0.12,905.1,-0.49,,,9217.4,-0.22
2.1.0,20260828_125703_000,2026-08-28T12:57:03+05:30,2026-08-28T12:57:03+05:30,Asia/Kolkata,NSE,24103.55,0.05,57384.8,-0.22,31228.65,3.33,26220.35,-0.23,46694.9,-0.71,28714.1,-0.59,13443.85,0.14,26878.25,0.11,37947.05,-0.41,8578.55,-0.11,905.15,-0.49,,,9217.45,-0.22
2.1.0,20260828_125803_000,2026-08-28T12:58:03+05:30,2026-08-28T12:58:03+05:30,Asia/Kolkata,NSE,24101.9,0.05,57378.25,-0.23,31215.5,3.29,26223.6,-0.22,46674.55,-0.76,28709.55,-0.6,13440.45,0.11,26877.3,0.11,37944.25,-0.42,8577.05,-0.13,905.3,-0.47,,,9217.9,-0.22
2.1.0,20260828_125903_000,2026-08-28T12:59:03+05:30,2026-08-28T12:59:03+05:30,Asia/Kolkata,NSE,24100.4,0.04,57371.9,-0.24,31216.7,3.29,26221.85,-0.22,46683.55,-0.74,28697.15,-0.65,13445.2,0.15,26883.55,0.13,37944.75,-0.42,8575.6,-0.14,905.25,-0.48,,,9217.6,-0.22
2.1.0,20260828_130003_000,2026-08-28T13:00:03+05:30,2026-08-28T13:00:03+05:30,Asia/Kolkata,NSE,24098.2,0.03,57349.35,-0.28,31237.45,3.36,26210.45,-0.27,46687.1,-0.73,28721.55,-0.56,13449.45,0.18,26891.65,0.16,37946.85,-0.41,8576.5,-0.13,905.1,-0.49,,,9218.0,-0.21
2.1.0,20260828_130103_000,2026-08-28T13:01:03+05:30,2026-08-28T13:01:03+05:30,Asia/Kolkata,NSE,24097.9,0.03,57345.25,-0.29,31243.0,3.38,26208.65,-0.27,46705.25,-0.69,28716.45,-0.58,13448.05,0.17,26895.4,0.17,37949.7,-0.4,8572.15,-0.18,905.0,-0.51,,,9218.0,-0.21
2.1.0,20260828_130203_000,2026-08-28T13:02:03+05:30,2026-08-28T13:02:03+05:30,Asia/Kolkata,NSE,24095.65,0.02,57342.15,-0.29,31240.5,3.37,26209.85,-0.27,46708.95,-0.68,28714.3,-0.59,13445.75,0.15,26899.45,0.19,37954.3,-0.39,8573.35,-0.17,904.8,-0.53,,,9215.7,-0.24
2.1.0,20260828_130303_001,2026-08-28T13:03:03+05:30,2026-08-28T13:03:03+05:30,Asia/Kolkata,NSE,24095.7,0.02,57337.9,-0.3,31240.85,3.37,26205.4,-0.29,46703.1,-0.7,28704.7,-0.62,13443.05,0.13,26897.15,0.18,37959.0,-0.38,8573.9,-0.16,904.65,-0.54,,,9217.2,-0.22
2.1.0,20260828_130403_041,2026-08-28T13:04:03+05:30,2026-08-28T13:04:03+05:30,Asia/Kolkata,NSE,24097.6,0.03,57342.05,-0.29,31222.25,3.31,26208.45,-0.27,46708.1,-0.69,28706.55,-0.61,13447.4,0.17,26896.55,0.18,37959.1,-0.38,8573.25,-0.17,904.75,-0.53,,,9218.25,-0.21
2.1.0,20260828_130503_000,2026-08-28T13:05:03+05:30,2026-08-28T13:05:03+05:30,Asia/Kolkata,NSE,24093.45,0.01,57337.85,-0.3,31219.55,3.3,26206.9,-0.28,46694.5,-0.71,28692.65,-0.66,13448.75,0.18,26892.75,0.16,37958.6,-0.38,8572.75,-0.18,904.7,-0.54,,,9216.8,-0.23
2.1.0,20260828_130603_004,2026-08-28T13:06:03+05:30,2026-08-28T13:06:03+05:30,Asia/Kolkata,NSE,24090.35,-0.0,57331.65,-0.31,31231.1,3.34,26203.6,-0.29,46694.05,-0.72,28692.45,-0.66,13449.0,0.18,26889.55,0.15,37957.15,-0.39,8572.1,-0.18,904.55,-0.56,,,9215.4,-0.24
2.1.0,20260828_130703_001,2026-08-28T13:07:03+05:30,2026-08-28T13:07:03+05:30,Asia/Kolkata,NSE,24093.7,0.01,57332.05,-0.31,31227.1,3.33,26203.7,-0.29,46697.65,-0.71,28693.2,-0.66,13448.85,0.18,26893.35,0.17,37960.4,-0.38,8573.15,-0.17,904.6,-0.55,,,9219.25,-0.2
2.1.0,20260828_130803_000,2026-08-28T13:08:03+05:30,2026-08-28T13:08:03+05:30,Asia/Kolkata,NSE,24098.85,0.03,57348.85,-0.28,31232.15,3.35,26209.55,-0.27,46701.3,-0.7,28699.2,-0.64,13454.6,0.22,26894.15,0.17,37961.55,-0.37,8575.15,-0.15,904.45,-0.57,,,9220.2,-0.19
2.1.0,20260828_130903_004,2026-08-28T13:09:03+05:30,2026-08-28T13:09:03+05:30,Asia/Kolkata,NSE,24098.7,0.03,57344.35,-0.29,31240.55,3.37,26208.55,-0.27,46673.55,-0.76,28701.05,-0.63,13449.05,0.18,26895.9,0.18,37973.95,-0.34,8574.9,-0.15,904.45,-0.57,,,9222.7,-0.16
2.1.0,20260828_131003_000,2026-08-28T13:10:03+05:30,2026-08-28T13:10:03+05:30,Asia/Kolkata,NSE,24103.2,0.05,57348.35,-0.28,31272.3,3.48,26210.3,-0.27,46681.5,-0.74,28716.2,-0.58,13447.7,0.17,26897.5,0.18,37968.9,-0.35,8576.45,-0.13,904.5,-0.56,,,9224.85,-0.14
2.1.0,20260828_131103_000,2026-08-28T13:11:03+05:30,2026-08-28T13:11:03+05:30,Asia/Kolkata,NSE,24104.15,0.06,57331.7,-0.31,31302.65,3.58,26204.25,-0.29,46680.15,-0.74,28719.6,-0.57,13449.15,0.18,26898.1,0.18,37967.55,-0.36,8573.65,-0.16,904.6,-0.55,,,9224.4,-0.15
2.1.0,20260828_131203_000,2026-08-28T13:12:03+05:30,2026-08-28T13:12:03+05:30,Asia/Kolkata,NSE,24108.6,0.07,57337.1,-0.3,31311.9,3.61,26206.85,-0.28,46687.45,-0.73,28729.5,-0.53,13456.7,0.23,26899.15,0.19,37970.75,-0.35,8575.25,-0.15,904.55,-0.56,,,9226.3,-0.12
2.1.0,20260828_131303_000,2026-08-28T13:13:03+05:30,2026-08-28T13:13:03+05:30,Asia/Kolkata,NSE,24104.4,0.06,57319.85,-0.33,31292.8,3.55,26198.25,-0.31,46691.4,-0.72,28729.3,-0.53,13463.05,0.28,26901.35,0.2,37972.5,-0.34,8574.1,-0.16,904.6,-0.55,,,9226.3,-0.12
2.1.0,20260828_131403_000,2026-08-28T13:14:03+05:30,2026-08-28T13:14:03+05:30,Asia/Kolkata,NSE,24105.0,0.06,57322.25,-0.33,31284.4,3.52,26201.25,-0.3,46685.85,-0.73,28732.35,-0.52,13467.3,0.31,26896.85,0.18,37975.5,-0.34,8575.55,-0.14,905.15,-0.49,,,9227.6,-0.11
2.1.0,20260828_131503_001,2026-08-28T13:15:03+05:30,2026-08-28T13:15:03+05:30,Asia/Kolkata,NSE,24103.6,0.05,57321.75,-0.33,31279.65,3.5,26200.2,-0.31,46687.9,-0.73,28729.5,-0.53,13466.8,0.31,26896.85,0.18,37980.1,-0.33,8576.95,-0.13,904.7,-0.54,,,9226.8,-0.12
2.1.0,20260828_131603_000,2026-08-28T13:16:03+05:30,2026-08-28T13:16:03+05:30,Asia/Kolkata,NSE,24104.95,0.06,57320.4,-0.33,31282.55,3.51,26200.1,-0.31,46685.45,-0.73,28739.45,-0.5,13471.35,0.34,26902.05,0.2,37976.55,-0.33,8577.25,-0.12,904.65,-0.54,,,9227.15,-0.12
2.1.0,20260828_131703_001,2026-08-28T13:17:03+05:30,2026-08-28T13:17:03+05:30,Asia/Kolkata,NSE,24102.35,0.05,57319.25,-0.33,31255.3,3.42,26197.9,-0.31,46658.3,-0.79,28737.5,-0.51,13470.5,0.34,26898.95,0.19,37975.4,-0.34,8577.0,-0.13,904.55,-0.56,,,9227.85,-0.11
2.1.0,20260828_131803_000,2026-08-28T13:18:03+05:30,2026-08-28T13:18:03+05:30,Asia/Kolkata,NSE,24104.35,0.06,57319.75,-0.33,31256.8,3.43,26198.85,-0.31,46661.4,-0.78,28742.15,-0.49,13470.4,0.34,26914.8,0.25,37975.15,-0.34,8573.3,-0.17,904.45,-0.57,,,9228.25,-0.1
2.1.0,20260828_131903_011,2026-08-28T13:19:03+05:30,2026-08-28T13:19:03+05:30,Asia/Kolkata,NSE,24108.95,0.08,57331.25,-0.31,31268.65,3.47,26203.5,-0.29,46668.4,-0.77,28733.95,-0.52,13476.65,0.38,26915.75,0.25,37983.2,-0.32,8573.3,-0.17,904.5,-0.56,,,9228.0,-0.11
2.1.0,20260828_132003_000,2026-08-28T13:20:03+05:30,2026-08-28T13:20:03+05:30,Asia/Kolkata,NSE,24107.8,0.07,57326.3,-0.32,31265.05,3.45,26201.55,-0.3,46680.8,-0.74,28735.75,-0.51,13475.3,0.37,26912.05,0.24,37982.9,-0.32,8575.15,-0.15,904.65,-0.54,,,9227.75,-0.11
2.1.0,20260828_132103_000,2026-08-28T13:21:03+05:30,2026-08-28T13:21:03+05:30,Asia/Kolkata,NSE,24108.25,0.07,57325.9,-0.32,31260.75,3.44,26201.1,-0.3,46687.05,-0.73,28733.8,-0.52,13477.05,0.39,26913.05,0.24,37981.35,-0.32,8577.9,-0.12,904.6,-0.55,,,9228.7,-0.1
2.1.0,20260828_132203_000,2026-08-28T13:22:03+05:30,2026-08-28T13:22:03+05:30,Asia/Kolkata,NSE,24108.9,0.07,57325.25,-0.32,31255.05,3.42,26204.95,-0.29,46685.95,-0.73,28737.6,-0.51,13476.8,0.38,26920.65,0.27,37981.8,-0.32,8575.7,-0.14,904.9,-0.52,,,9228.35,-0.1
2.1.0,20260828_132303_000,2026-08-28T13:23:03+05:30,2026-08-28T13:23:03+05:30,Asia/Kolkata,NSE,24111.55,0.09,57341.8,-0.29,31228.55,3.33,26208.05,-0.28,46698.15,-0.71,28738.1,-0.5,13479.5,0.4,26922.2,0.27,37995.15,-0.29,8580.55,-0.08,905.15,-0.49,,,9232.15,-0.06
2.1.0,20260828_132403_000,2026-08-28T13:24:03+05:30,2026-08-28T13:24:03+05:30,Asia/Kolkata,NSE,24109.45,0.08,57345.65,-0.29,31215.8,3.29,26208.4,-0.27,46686.65,-0.73,28738.15,-0.5,13472.45,0.35,26925.1,0.28,37996.1,-0.28,8581.25,-0.08,905.25,-0.48,,,9232.55,-0.06
2.1.0,20260828_132503_000,2026-08-28T13:25:03+05:30,2026-08-28T13:25:03+05:30,Asia/Kolkata,NSE,24110.45,0.08,57345.25,-0.29,31224.4,3.32,26205.25,-0.29,46681.4,-0.74,28740.3,-0.5,13472.6,0.35,26941.95,0.35,38002.95,-0.27,8581.75,-0.07,905.6,-0.44,,,9232.65,-0.06
2.1.0,20260828_132603_000,2026-08-28T13:26:03+05:30,2026-08-28T13:26:03+05:30,Asia/Kolkata,NSE,24109.6,0.08,57346.4,-0.28,31216.6,3.29,26209.25,-0.27,46688.05,-0.73,28739.15,-0.5,13467.7,0.32,26946.45,0.36,37997.65,-0.28,8579.85,-0.09,905.6,-0.44,,,9230.75,-0.08
2.1.0,20260828_132702_999,2026-08-28T13:27:02+05:30,2026-08-28T13:27:02+05:30,Asia/Kolkata,NSE,24113.25,0.09,57358.15,-0.26,31213.65,3.28,26217.6,-0.24,46706.1,-0.69,28740.45,-0.5,13470.1,0.33,26945.6,0.36,37998.5,-0.28,8583.2,-0.05,905.7,-0.43,,,9231.25,-0.07
2.1.0,20260828_132803_000,2026-08-28T13:28:03+05:30,2026-08-28T13:28:03+05:30,Asia/Kolkata,NSE,24101.9,0.05,57318.9,-0.33,31207.0,3.26,26196.4,-0.32,46704.15,-0.69,28743.95,-0.48,13465.75,0.3,26942.65,0.35,38000.05,-0.27,8580.75,-0.08,905.65,-0.43,,,9230.3,-0.08
2.1.0,20260828_132903_000,2026-08-28T13:29:03+05:30,2026-08-28T13:29:03+05:30,Asia/Kolkata,NSE,24099.6,0.04,57314.65,-0.34,31202.5,3.25,26194.75,-0.33,46680.5,-0.74,28747.1,-0.47,13460.95,0.27,26928.25,0.3,37998.4,-0.28,8579.6,-0.1,905.5,-0.45,,,9230.0,-0.08
2.1.0,20260828_133003_000,2026-08-28T13:30:03+05:30,2026-08-28T13:30:03+05:30,Asia/Kolkata,NSE,24096.9,0.03,57322.3,-0.33,31198.15,3.23,26195.3,-0.32,46665.35,-0.78,28751.75,-0.46,13460.95,0.27,26928.8,0.3,37993.0,-0.29,8579.2,-0.1,905.55,-0.45,,,9228.75,-0.1
2.1.0,20260828_133102_999,2026-08-28T13:31:02+05:30,2026-08-28T13:31:02+05:30,Asia/Kolkata,NSE,24099.5,0.04,57334.1,-0.31,31200.45,3.24,26202.15,-0.3,46670.25,-0.77,28763.05,-0.42,13457.75,0.24,26929.55,0.3,37995.5,-0.28,8580.95,-0.08,905.9,-0.41,,,9229.35,-0.09
2.1.0,20260828_133203_000,2026-08-28T13:32:03+05:30,2026-08-28T13:32:03+05:30,Asia/Kolkata,NSE,24100.45,0.04,57336.6,-0.3,31200.1,3.24,26202.65,-0.3,46671.25,-0.76,28753.05,-0.45,13457.2,0.24,26928.25,0.3,37993.6,-0.29,8581.55,-0.07,905.8,-0.42,,,9229.0,-0.1
2.1.0,20260828_133303_000,2026-08-28T13:33:03+05:30,2026-08-28T13:33:03+05:30,Asia/Kolkata,NSE,24103.5,0.05,57350.3,-0.28,31205.45,3.26,26208.45,-0.27,46684.4,-0.74,28754.7,-0.45,13459.35,0.25,26927.7,0.29,37990.15,-0.3,8582.35,-0.06,906.55,-0.34,,,9228.65,-0.1
2.1.0,20260828_133403_002,2026-08-28T13:34:03+05:30,2026-08-28T13:34:03+05:30,Asia/Kolkata,NSE,24109.05,0.08,57360.45,-0.26,31214.9,3.29,26215.5,-0.25,46699.5,-0.7,28760.6,-0.43,13460.5,0.26,26931.85,0.31,37995.85,-0.28,8584.9,-0.03,906.55,-0.34,,,9230.35,-0.08
2.1.0,20260828_133502_999,2026-08-28T13:35:02+05:30,2026-08-28T13:35:02+05:30,Asia/Kolkata,NSE,24110.4,0.08,57364.3,-0.25,31212.8,3.28,26214.65,-0.25,46690.95,-0.72,28764.1,-0.41,13462.85,0.28,26931.4,0.31,38000.9,-0.27,8584.35,-0.04,906.7,-0.32,,,9231.6,-0.07
2.1.0,20260828_133603_000,2026-08-28T13:36:03+05:30,2026-08-28T13:36:03+05:30,Asia/Kolkata,NSE,24108.85,0.07,57359.4,-0.26,31209.95,3.27,26213.15,-0.26,46691.5,-0.72,28761.15,-0.42,13461.45,0.27,26921.05,0.27,38002.2,-0.27,8583.4,-0.05,906.65,-0.32,,,9231.8,-0.06
2.1.0,20260828_133703_000,2026-08-28T13:37:03+05:30,2026-08-28T13:37:03+05:30,Asia/Kolkata,NSE,24109.1,0.08,57363.95,-0.25,31220.55,3.31,26215.4,-0.25,46677.9,-0.75,28759.15,-0.43,13460.2,0.26,26925.95,0.29,37998.3,-0.28,8584.2,-0.04,906.8,-0.31,,,9230.75,-0.08
2.1.0,20260828_133802_999,2026-08-28T13:38:02+05:30,2026-08-28T13:38:02+05:30,Asia/Kolkata,NSE,24112.0,0.09,57383.45,-0.22,31216.3,3.29,26222.4,-0.22,46692.05,-0.72,28762.55,-0.42,13460.7,0.26,26924.55,0.28,38001.45,-0.27,8585.45,-0.03,906.55,-0.34,,,9231.4,-0.07
2.1.0,20260828_133903_002,2026-08-28T13:39:03+05:30,2026-08-28T13:39:03+05:30,Asia/Kolkata,NSE,24112.45,0.09,57382.55,-0.22,31214.55,3.29,26220.9,-0.23,46688.75,-0.73,28760.75,-0.42,13459.25,0.25,26923.75,0.28,37998.35,-0.28,8583.35,-0.05,906.45,-0.35,,,9231.45,-0.07
2.1.0,20260828_134003_000,2026-08-28T13:40:03+05:30,2026-08-28T13:40:03+05:30,Asia/Kolkata,NSE,24111.5,0.09,57382.65,-0.22,31204.95,3.26,26221.55,-0.22,46688.25,-0.73,28753.85,-0.45,13455.95,0.23,26915.75,0.25,38003.25,-0.26,8585.3,-0.03,906.5,-0.34,,,9232.75,-0.05
2.1.0,20260828_134103_000,2026-08-28T13:41:03+05:30,2026-08-28T13:41:03+05:30,Asia/Kolkata,NSE,24117.25,0.11,57402.5,-0.19,31207.6,3.26,26231.45,-0.19,46687.95,-0.73,28757.9,-0.43,13462.1,0.27,26918.8,0.26,38010.95,-0.24,8586.85,-0.01,906.6,-0.33,,,9234.15,-0.04
2.1.0,20260828_134203_000,2026-08-28T13:42:03+05:30,2026-08-28T13:42:03+05:30,Asia/Kolkata,NSE,24111.35,0.09,57382.2,-0.22,31189.45,3.2,26225.0,-0.21,46677.3,-0.75,28755.55,-0.44,13457.15,0.24,26913.55,0.24,38000.85,-0.27,8584.1,-0.04,905.8,-0.42,,,9232.7,-0.06
2.1.0,20260828_134303_000,2026-08-28T13:43:03+05:30,2026-08-28T13:43:03+05:30,Asia/Kolkata,NSE,24111.7,0.09,57389.35,-0.21,31190.05,3.21,26225.65,-0.21,46675.95,-0.75,28759.3,-0.43,13458.0,0.24,26898.25,0.18,37999.55,-0.27,8585.9,-0.02,905.55,-0.45,,,9231.8,-0.06
2.1.0,20260828_134403_000,2026-08-28T13:44:03+05:30,2026-08-28T13:44:03+05:30,Asia/Kolkata,NSE,24112.6,0.09,57393.85,-0.2,31182.7,3.18,26230.55,-0.19,46691.35,-0.72,28773.75,-0.38,13462.1,0.27,26902.45,0.2,37997.85,-0.28,8587.45,-0.0,905.55,-0.45,,,9230.05,-0.08
2.1.0,20260828_134503_000,2026-08-28T13:45:03+05:30,2026-08-28T13:45:03+05:30,Asia/Kolkata,NSE,24112.85,0.09,57394.85,-0.2,31171.15,3.14,26229.4,-0.2,46690.4,-0.72,28787.5,-0.33,13469.75,0.33,26895.0,0.17,37996.25,-0.28,8587.85,0.0,905.5,-0.45,,,9229.65,-0.09
2.1.0,20260828_134603_000,2026-08-28T13:46:03+05:30,2026-08-28T13:46:03+05:30,Asia/Kolkata,NSE,24112.05,0.09,57394.5,-0.2,31175.35,3.16,26229.5,-0.19,46691.8,-0.72,28792.0,-0.32,13468.55,0.32,26894.65,0.17,37995.95,-0.28,8587.55,-0.0,905.45,-0.46,,,9228.85,-0.1
2.1.0,20260828_134703_000,2026-08-28T13:47:03+05:30,2026-08-28T13:47:03+05:30,Asia/Kolkata,NSE,24111.35,0.09,57392.2,-0.2,31171.7,3.15,26228.2,-0.2,46687.1,-0.73,28785.15,-0.34,13467.0,0.31,26894.75,0.17,37991.1,-0.3,8586.8,-0.01,905.2,-0.48,,,9228.95,-0.1
2.1.0,20260828_134803_000,2026-08-28T13:48:03+05:30,2026-08-28T13:48:03+05:30,Asia/Kolkata,NSE,24107.05,0.07,57373.7,-0.24,31168.05,3.13,26222.5,-0.22,46689.6,-0.72,28781.75,-0.35,13463.3,0.28,26898.4,0.18,37989.7,-0.3,8583.25,-0.05,905.45,-0.46,,,9227.3,-0.11
2.1.0,20260828_134903_000,2026-08-28T13:49:03+05:30,2026-08-28T13:49:03+05:30,Asia/Kolkata,NSE,24103.75,0.05,57377.65,-0.23,31163.45,3.12,26224.55,-0.21,46652.05,-0.8,28772.6,-0.38,13462.4,0.28,26900.35,0.19,37989.4,-0.3,8583.05,-0.06,905.4,-0.46,,,9225.3,-0.14
2.1.0,20260828_135003_000,2026-08-28T13:50:03+05:30,2026-08-28T13:50:03+05:30,Asia/Kolkata,NSE,24104.0,0.05,57361.3,-0.26,31180.4,3.17,26219.45,-0.23,46655.8,-0.8,28770.05,-0.39,13464.6,0.29,26897.6,0.18,37988.0,-0.3,8576.15,-0.14,905.6,-0.44,,,9226.65,-0.12
2.1.0,20260828_135103_000,2026-08-28T13:51:03+05:30,2026-08-28T13:51:03+05:30,Asia/Kolkata,NSE,24105.2,0.06,57370.15,-0.24,31175.65,3.16,26220.8,-0.23,46648.85,-0.81,28770.3,-0.39,13463.2,0.28,26893.4,0.17,37986.0,-0.31,8578.05,-0.11,905.4,-0.46,,,9227.35,-0.11
2.1.0,20260828_135203_000,2026-08-28T13:52:03+05:30,2026-08-28T13:52:03+05:30,Asia/Kolkata,NSE,24100.0,0.04,57351.4,-0.28,31177.65,3.17,26212.8,-0.26,46651.5,-0.81,28767.95,-0.4,13461.75,0.27,26886.2,0.14,37984.4,-0.31,8573.9,-0.16,905.1,-0.49,,,9225.1,-0.14
2.1.0,20260828_135303_000,2026-08-28T13:53:03+05:30,2026-08-28T13:53:03+05:30,Asia/Kolkata,NSE,24104.9,0.06,57355.7,-0.27,31181.05,3.18,26217.55,-0.24,46667.15,-0.77,28774.0,-0.38,13470.25,0.34,26884.15,0.13,37989.95,-0.3,8576.2,-0.14,905.75,-0.42,,,9226.4,-0.12
2.1.0,20260828_135403_000,2026-08-28T13:54:03+05:30,2026-08-28T13:54:03+05:30,Asia/Kolkata,NSE,24103.65,0.05,57354.65,-0.27,31186.7,3.19,26211.85,-0.26,46673.55,-0.76,28772.85,-0.38,13464.45,0.29,26880.0,0.12,37989.05,-0.3,8575.8,-0.14,905.25,-0.48,,,9226.45,-0.12
2.1.0,20260828_135503_000,2026-08-28T13:55:03+05:30,2026-08-28T13:55:03+05:30,Asia/Kolkata,NSE,24103.75,0.05,57354.15,-0.27,31187.75,3.2,26211.4,-0.26,46677.35,-0.75,28768.35,-0.4,13465.4,0.3,26886.8,0.14,37991.4,-0.3,8576.8,-0.13,905.25,-0.48,,,9226.6,-0.12
2.1.0,20260828_135603_000,2026-08-28T13:56:03+05:30,2026-08-28T13:56:03+05:30,Asia/Kolkata,NSE,24100.3,0.04,57342.35,-0.29,31187.65,3.2,26206.0,-0.28,46677.95,-0.75,28767.15,-0.4,13463.55,0.29,26892.95,0.16,37986.7,-0.31,8574.3,-0.16,905.15,-0.49,,,9225.8,-0.13
2.1.0,20260828_135703_000,2026-08-28T13:57:03+05:30,2026-08-28T13:57:03+05:30,Asia/Kolkata,NSE,24102.15,0.05,57356.05,-0.27,31192.25,3.21,26215.2,-0.25,46680.3,-0.74,28768.05,-0.4,13463.45,0.28,26889.2,0.15,37990.85,-0.3,8576.15,-0.14,905.15,-0.49,,,9225.0,-0.14
2.1.0,20260828_135803_000,2026-08-28T13:58:03+05:30,2026-08-28T13:58:03+05:30,Asia/Kolkata,NSE,24106.25,0.06,57355.8,-0.27,31204.2,3.25,26216.7,-0.24,46679.15,-0.75,28763.8,-0.41,13467.05,0.31,26891.75,0.16,37994.25,-0.29,8577.95,-0.11,905.25,-0.48,,,9226.9,-0.12
2.1.0,20260828_135903_000,2026-08-28T13:59:03+05:30,2026-08-28T13:59:03+05:30,Asia/Kolkata,NSE,24110.1,0.08,57370.95,-0.24,31224.6,3.32,26220.6,-0.23,46686.95,-0.73,28763.7,-0.41,13468.05,0.32,26890.2,0.15,37991.45,-0.3,8578.0,-0.11,905.35,-0.47,,,9227.05,-0.12
2.1.0,20260828_140003_000,2026-08-28T14:00:03+05:30,2026-08-28T14:00:03+05:30,Asia/Kolkata,NSE,24111.25,0.08,57379.5,-0.23,31198.35,3.23,26226.4,-0.21,46679.35,-0.75,28763.45,-0.42,13467.3,0.31,26886.85,0.14,37993.1,-0.29,8579.55,-0.1,905.4,-0.46,,,9225.95,-0.13
2.1.0,20260828_140103_001,2026-08-28T14:01:03+05:30,2026-08-28T14:01:03+05:30,Asia/Kolkata,NSE,24108.95,0.08,57384.0,-0.22,31194.15,3.22,26228.2,-0.2,46672.65,-0.76,28752.4,-0.45,13464.65,0.29,26889.6,0.15,37977.9,-0.33,8578.5,-0.11,905.3,-0.47,,,9223.6,-0.15
2.1.0,20260828_140202_999,2026-08-28T14:02:02+05:30,2026-08-28T14:02:02+05:30,Asia/Kolkata,NSE,24108.8,0.07,57388.25,-0.21,31189.45,3.2,26230.0,-0.19,46670.5,-0.77,28759.0,-0.43,13463.15,0.28,26885.0,0.14,37973.35,-0.34,8578.8,-0.1,905.1,-0.49,,,9223.3,-0.16
2.1.0,20260828_140303_000,2026-08-28T14:03:03+05:30,2026-08-28T14:03:03+05:30,Asia/Kolkata,NSE,24110.8,0.08,57404.85,-0.18,31188.35,3.2,26237.65,-0.16,46662.95,-0.78,28760.1,-0.43,13461.45,0.27,26882.75,0.13,37977.3,-0.33,8581.15,-0.08,905.3,-0.47,,,9223.8,-0.15
2.1.0,20260828_140402_999,2026-08-28T14:04:02+05:30,2026-08-28T14:04:02+05:30,Asia/Kolkata,NSE,24105.95,0.06,57385.85,-0.22,31197.6,3.23,26229.8,-0.19,46666.3,-0.77,28759.35,-0.43,13464.75,0.29,26879.65,0.12,37972.5,-0.34,8579.45,-0.1,905.6,-0.44,,,9221.55,-0.18
2.1.0,20260828_140503_000,2026-08-28T14:05:03+05:30,2026-08-28T14:05:03+05:30,Asia/Kolkata,NSE,24103.35,0.05,57381.4,-0.22,31194.05,3.22,26227.75,-0.2,46660.7,-0.79,28750.9,-0.46,13464.55,0.29,26885.1,0.14,37962.15,-0.37,8577.9,-0.12,905.35,-0.47,,,9219.65,-0.2
2.1.0,20260828_140603_000,2026-08-28T14:06:03+05:30,2026-08-28T14:06:03+05:30,Asia/Kolkata,NSE,24101.3,0.04,57368.75,-0.25,31190.25,3.21,26226.95,-0.2,46650.5,-0.81,28750.95,-0.46,13462.35,0.28,26878.8,0.11,37961.05,-0.38,8573.65,-0.16,905.3,-0.47,,,9219.75,-0.2
2.1.0,20260828_140703_004,2026-08-28T14:07:03+05:30,2026-08-28T14:07:03+05:30,Asia/Kolkata,NSE,24100.25,0.04,57368.85,-0.25,31186.0,3.19,26225.85,-0.21,46644.2,-0.82,28753.15,-0.45,13460.7,0.26,26881.35,0.12,37957.55,-0.38,8572.3,-0.18,905.15,-0.49,,,9218.5,-0.21
2.1.0,20260828_140803_001,2026-08-28T14:08:03+05:30,2026-08-28T14:08:03+05:30,Asia/Kolkata,NSE,24105.6,0.06,57397.05,-0.2,31185.65,3.19,26235.3,-0.17,46648.5,-0.81,28752.75,-0.45,13462.9,0.28,26883.55,0.13,37952.9,-0.4,8578.6,-0.11,905.0,-0.51,,,9219.75,-0.2
2.1.0,20260828_140903_000,2026-08-28T14:09:03+05:30,2026-08-28T14:09:03+05:30,Asia/Kolkata,NSE,24103.95,0.05,57408.05,-0.18,31168.2,3.13,26233.5,-0.18,46650.45,-0.81,28752.15,-0.45,13463.65,0.29,26886.6,0.14,37951.55,-0.4,8578.75,-0.11,904.85,-0.52,,,9219.35,-0.2
2.1.0,20260828_141003_000,2026-08-28T14:10:03+05:30,2026-08-28T14:10:03+05:30,Asia/Kolkata,NSE,24103.0,0.05,57407.15,-0.18,31145.55,3.06,26232.95,-0.18,46648.0,-0.81,28749.45,-0.46,13464.8,0.29,26889.35,0.15,37954.9,-0.39,8578.15,-0.11,904.95,-0.51,,,9220.25,-0.19
2.1.0,20260828_141103_000,2026-08-28T14:11:03+05:30,2026-08-28T14:11:03+05:30,Asia/Kolkata,NSE,24109.7,0.08,57424.95,-0.15,31144.6,3.06,26242.55,-0.14,46668.85,-0.77,28754.1,-0.45,13470.85,0.34,26896.1,0.18,37958.5,-0.38,8579.8,-0.09,905.4,-0.46,,,9222.3,-0.17
2.1.0,20260828_141203_000,2026-08-28T14:12:03+05:30,2026-08-28T14:12:03+05:30,Asia/Kolkata,NSE,24110.35,0.08,57430.2,-0.14,31146.4,3.06,26242.05,-0.15,46667.85,-0.77,28757.3,-0.44,13470.9,0.34,26889.2,0.15,37969.55,-0.35,8582.7,-0.06,905.6,-0.44,,,9224.15,-0.15
2.1.0,20260828_141303_000,2026-08-28T14:13:03+05:30,2026-08-28T14:13:03+05:30,Asia/Kolkata,NSE,24108.85,0.07,57424.5,-0.15,31145.15,3.06,26239.45,-0.16,46665.45,-0.78,28756.1,-0.44,13468.55,0.32,26891.5,0.16,37966.9,-0.36,8581.9,-0.07,905.9,-0.41,,,9224.35,-0.15
2.1.0,20260828_141402_999,2026-08-28T14:14:02+05:30,2026-08-28T14:14:02+05:30,Asia/Kolkata,NSE,24111.1,0.08,57419.65,-0.16,31143.15,3.05,26238.25,-0.16,46662.9,-0.78,28756.4,-0.44,13468.2,0.32,26894.05,0.17,37966.85,-0.36,8581.8,-0.07,906.05,-0.39,,,9224.4,-0.15
2.1.0,20260828_141503_000,2026-08-28T14:15:03+05:30,2026-08-28T14:15:03+05:30,Asia/Kolkata,NSE,24112.0,0.09,57421.9,-0.15,31150.65,3.08,26239.7,-0.16,46659.15,-0.79,28757.4,-0.44,13463.0,0.28,26894.35,0.17,37967.8,-0.36,8582.9,-0.06,906.2,-0.37,,,9225.0,-0.14
2.1.0,20260828_141603_000,2026-08-28T14:16:03+05:30,2026-08-28T14:16:03+05:30,Asia/Kolkata,NSE,24108.95,0.08,57394.95,-0.2,31145.75,3.06,26232.0,-0.19,46657.15,-0.79,28761.75,-0.42,13458.2,0.25,26890.85,0.16,37971.5,-0.35,8575.6,-0.14,906.2,-0.37,,,9225.0,-0.14
2.1.0,20260828_141702_999,2026-08-28T14:17:02+05:30,2026-08-28T14:17:02+05:30,Asia/Kolkata,NSE,24115.3,0.1,57421.5,-0.15,31142.8,3.05,26243.35,-0.14,46650.45,-0.81,28766.8,-0.4,13465.05,0.3,26891.1,0.16,37966.4,-0.36,8578.15,-0.11,906.15,-0.38,,,9225.1,-0.14
2.1.0,20260828_141803_000,2026-08-28T14:18:03+05:30,2026-08-28T14:18:03+05:30,Asia/Kolkata,NSE,24116.9,0.11,57434.85,-0.13,31150.15,3.07,26248.6,-0.12,46656.4,-0.8,28759.6,-0.43,13467.2,0.31,26895.15,0.17,37965.95,-0.36,8579.6,-0.1,906.05,-0.39,,,9225.7,-0.13
2.1.0,20260828_141903_000,2026-08-28T14:19:03+05:30,2026-08-28T14:19:03+05:30,Asia/Kolkata,NSE,24114.25,0.1,57420.6,-0.16,31153.1,3.08,26243.65,-0.14,46655.05,-0.8,28758.65,-0.43,13463.45,0.28,26893.15,0.17,37966.95,-0.36,8578.3,-0.11,905.9,-0.41,,,9226.05,-0.13
2.1.0,20260828_142002_999,2026-08-28T14:20:02+05:30,2026-08-28T14:20:02+05:30,Asia/Kolkata,NSE,24110.0,0.08,57414.5,-0.17,31142.95,3.05,26240.3,-0.15,46651.0,-0.81,28762.75,-0.42,13463.5,0.29,26899.15,0.19,37966.15,-0.36,8575.3,-0.15,905.8,-0.42,,,9224.55,-0.14
2.1.0,20260828_142102_999,2026-08-28T14:21:02+05:30,2026-08-28T14:21:02+05:30,Asia/Kolkata,NSE,24111.6,0.09,57434.4,-0.13,31127.6,3.0,26248.75,-0.12,46639.85,-0.83,28765.15,-0.41,13463.55,0.29,26899.8,0.19,37962.75,-0.37,8579.85,-0.09,906.0,-0.4,,,9223.5,-0.15
2.1.0,20260828_142203_000,2026-08-28T14:22:03+05:30,2026-08-28T14:22:03+05:30,Asia/Kolkata,NSE,24113.15,0.09,57446.65,-0.11,31120.25,2.98,26253.6,-0.1,46632.45,-0.85,28760.75,-0.42,13465.05,0.3,26901.8,0.2,37961.55,-0.37,8581.5,-0.07,905.95,-0.4,,,9223.8,-0.15
2.1.0,20260828_142303_000,2026-08-28T14:23:03+05:30,2026-08-28T14:23:03+05:30,Asia/Kolkata,NSE,24110.9,0.08,57433.7,-0.13,31123.75,2.99,26249.25,-0.12,46630.45,-0.85,28754.75,-0.45,13461.65,0.27,26908.55,0.22,37959.1,-0.38,8577.2,-0.12,906.05,-0.39,,,9223.9,-0.15
2.1.0,20260828_142403_000,2026-08-28T14:24:03+05:30,2026-08-28T14:24:03+05:30,Asia/Kolkata,NSE,24112.85,0.09,57441.1,-0.12,31124.9,2.99,26252.65,-0.11,46627.1,-0.86,28760.2,-0.43,13461.45,0.27,26912.05,0.24,37963.3,-0.37,8581.05,-0.08,905.95,-0.4,,,9224.2,-0.15
2.1.0,20260828_142503_000,2026-08-28T14:25:03+05:30,2026-08-28T14:25:03+05:30,Asia/Kolkata,NSE,24116.0,0.1,57444.1,-0.11,31145.2,3.06,26251.65,-0.11,46633.55,-0.84,28767.6,-0.4,13467.4,0.31,26920.65,0.27,37962.5,-0.37,8582.6,-0.06,906.05,-0.39,,,9223.85,-0.15
2.1.0,20260828_142602_999,2026-08-28T14:26:02+05:30,2026-08-28T14:26:02+05:30,Asia/Kolkata,NSE,24116.0,0.1,57431.55,-0.14,31135.45,3.03,26248.4,-0.12,46647.95,-0.81,28772.75,-0.38,13465.0,0.3,26926.0,0.29,37961.3,-0.37,8580.4,-0.09,905.8,-0.42,,,9225.8,-0.13
2.1.0,20260828_142702_999,2026-08-28T14:27:02+05:30,2026-08-28T14:27:02+05:30,Asia/Kolkata,NSE,24115.1,0.1,57435.7,-0.13,31133.35,3.02,26248.85,-0.12,46650.05,-0.81,28775.15,-0.38,13464.7,0.29,26921.6,0.27,37962.45,-0.37,8581.5,-0.07,905.85,-0.41,,,9224.7,-0.14
2.1.0,20260828_142803_000,2026-08-28T14:28:03+05:30,2026-08-28T14:28:03+05:30,Asia/Kolkata,NSE,24115.6,0.1,57439.5,-0.12,31133.35,3.02,26251.2,-0.11,46647.8,-0.81,28775.15,-0.38,13462.55,0.28,26932.05,0.31,37959.35,-0.38,8579.6,-0.1,906.0,-0.4,,,9224.55,-0.14
2.1.0,20260828_142903_003,2026-08-28T14:29:03+05:30,2026-08-28T14:29:03+05:30,Asia/Kolkata,NSE,24118.0,0.11,57439.05,-0.12,31138.45,3.04,26252.05,-0.11,46649.1,-0.81,28776.95,-0.37,13462.7,0.28,26943.75,0.35,37965.8,-0.36,8579.6,-0.1,906.2,-0.37,,,9227.2,-0.11
2.1.0,20260828_143002_999,2026-08-28T14:30:02+05:30,2026-08-28T14:30:02+05:30,Asia/Kolkata,NSE,24119.75,0.12,57433.25,-0.13,31142.25,3.05,26249.05,-0.12,46649.45,-0.81,28781.1,-0.35,13464.3,0.29,26936.85,0.33,37963.8,-0.37,8578.95,-0.1,906.1,-0.38,,,9228.1,-0.11
2.1.0,20260828_143103_000,2026-08-28T14:31:03+05:30,2026-08-28T14:31:03+05:30,Asia/Kolkata,NSE,24121.05,0.13,57432.5,-0.13,31133.35,3.02,26249.55,-0.12,46636.95,-0.84,28789.6,-0.33,13463.9,0.29,26938.1,0.33,37972.4,-0.35,8578.9,-0.1,906.25,-0.37,,,9229.0,-0.1
2.1.0,20260828_143203_000,2026-08-28T14:32:03+05:30,2026-08-28T14:32:03+05:30,Asia/Kolkata,NSE,24117.75,0.11,57414.0,-0.17,31135.15,3.02,26247.9,-0.12,46638.1,-0.83,28781.25,-0.35,13463.65,0.29,26925.15,0.28,37972.65,-0.34,8577.75,-0.12,906.3,-0.36,,,9227.1,-0.12
2.1.0,20260828_143303_000,2026-08-28T14:33:03+05:30,2026-08-28T14:33:03+05:30,Asia/Kolkata,NSE,24115.85,0.1,57425.1,-0.15,31129.8,3.01,26243.45,-0.14,46647.0,-0.82,28782.9,-0.35,13462.2,0.28,26922.15,0.27,37971.3,-0.35,8579.7,-0.09,906.45,-0.35,,,9226.0,-0.13
2.1.0,20260828_143403_000,2026-08-28T14:34:03+05:30,2026-08-28T14:34:03+05:30,Asia/Kolkata,NSE,24118.1,0.11,57429.6,-0.14,31132.0,3.01,26249.3,-0.12,46646.05,-0.82,28781.95,-0.35,13461.25,0.27,26926.6,0.29,37973.35,-0.34,8579.0,-0.1,906.4,-0.35,,,9225.75,-0.13
2.1.0,20260828_143503_003,2026-08-28T14:35:03+05:30,2026-08-28T14:35:03+05:30,Asia/Kolkata,NSE,24120.5,0.12,57433.95,-0.13,31131.3,3.01,26252.7,-0.11,46659.6,-0.79,28784.4,-0.34,13461.8,0.27,26945.0,0.36,37984.85,-0.31,8581.5,-0.07,906.45,-0.35,,,9227.9,-0.11
2.1.0,20260828_143603_000,2026-08-28T14:36:03+05:30,2026-08-28T14:36:03+05:30,Asia/Kolkata,NSE,24117.1,0.11,57426.85,-0.14,31131.6,3.01,26249.65,-0.12,46648.85,-0.81,28783.6,-0.35,13464.85,0.3,26946.85,0.37,37982.4,-0.32,8580.9,-0.08,906.7,-0.32,,,9226.65,-0.12
2.1.0,20260828_143703_000,2026-08-28T14:37:03+05:30,2026-08-28T14:37:03+05:30,Asia/Kolkata,NSE,24119.05,0.12,57425.8,-0.15,31131.45,3.01,26252.3,-0.11,46651.65,-0.81,28780.75,-0.36,13466.6,0.31,26943.1,0.35,37985.5,-0.31,8579.25,-0.1,907.05,-0.28,,,9228.1,-0.11
2.1.0,20260828_143803_000,2026-08-28T14:38:03+05:30,2026-08-28T14:38:03+05:30,Asia/Kolkata,NSE,24120.9,0.12,57428.05,-0.14,31127.7,3.0,26251.35,-0.11,46643.75,-0.82,28785.15,-0.34,13470.25,0.34,26950.4,0.38,37989.1,-0.3,8579.3,-0.1,907.05,-0.28,,,9229.65,-0.09
2.1.0,20260828_143903_000,2026-08-28T14:39:03+05:30,2026-08-28T14:39:03+05:30,Asia/Kolkata,NSE,24120.9,0.12,57420.15,-0.16,31130.2,3.01,26249.45,-0.12,46642.35,-0.83,28792.65,-0.31,13469.95,0.33,26936.95,0.33,37988.0,-0.3,8580.5,-0.09,907.2,-0.26,,,9229.75,-0.09
2.1.0,20260828_144003_000,2026-08-28T14:40:03+05:30,2026-08-28T14:40:03+05:30,Asia/Kolkata,NSE,24119.3,0.12,57406.45,-0.18,31122.85,2.98,26243.8,-0.14,46641.95,-0.83,28802.9,-0.28,13469.5,0.33,26936.05,0.33,37985.45,-0.31,8580.65,-0.08,907.5,-0.23,,,9229.65,-0.09
2.1.0,20260828_144103_000,2026-08-28T14:41:03+05:30,2026-08-28T14:41:03+05:30,Asia/Kolkata,NSE,24118.9,0.12,57402.6,-0.19,31121.1,2.98,26240.35,-0.15,46634.1,-0.84,28805.45,-0.27,13469.6,0.33,26940.4,0.34,37976.8,-0.33,8578.7,-0.11,907.15,-0.27,,,9229.7,-0.09
2.1.0,20260828_144203_000,2026-08-28T14:42:03+05:30,2026-08-28T14:42:03+05:30,Asia/Kolkata,NSE,24115.7,0.1,57406.9,-0.18,31105.25,2.93,26240.5,-0.15,46633.9,-0.84,28793.65,-0.31,13466.0,0.3,26941.05,0.34,37975.25,-0.34,8579.65,-0.09,907.25,-0.26,,,9228.75,-0.1
2.1.0,20260828_144302_999,2026-08-28T14:43:02+05:30,2026-08-28T14:43:02+05:30,Asia/Kolkata,NSE,24116.65,0.11,57406.3,-0.18,31112.15,2.95,26239.55,-0.16,46628.9,-0.85,28799.2,-0.29,13468.55,0.32,26952.85,0.39,37976.0,-0.34,8579.4,-0.1,907.95,-0.18,,,9228.0,-0.11
2.1.0,20260828_144403_000,2026-08-28T14:44:03+05:30,2026-08-28T14:44:03+05:30,Asia/Kolkata,NSE,24119.9,0.12,57415.65,-0.16,31114.75,2.96,26245.55,-0.13,46628.6,-0.85,28804.2,-0.27,13468.8,0.32,26965.35,0.43,37982.1,-0.32,8580.0,-0.09,908.7,-0.1,,,9229.65,-0.09
2.1.0,20260828_144503_000,2026-08-28T14:45:03+05:30,2026-08-28T14:45:03+05:30,Asia/Kolkata,NSE,24118.6,0.12,57410.3,-0.17,31117.8,2.97,26242.35,-0.15,46641.5,-0.83,28796.35,-0.3,13465.55,0.3,26968.0,0.44,37979.65,-0.33,8580.4,-0.09,908.5,-0.12,,,9229.2,-0.09
2.1.0,20260828_144603_000,2026-08-28T14:46:03+05:30,2026-08-28T14:46:03+05:30,Asia/Kolkata,NSE,24116.6,0.11,57401.7,-0.19,31116.3,2.96,26241.35,-0.15,46644.45,-0.82,28801.1,-0.29,13466.65,0.31,26961.7,0.42,37984.05,-0.31,8578.5,-0.11,908.7,-0.1,,,9228.85,-0.1
2.1.0,20260828_144703_000,2026-08-28T14:47:03+05:30,2026-08-28T14:47:03+05:30,Asia/Kolkata,NSE,24114.55,0.1,57399.1,-0.19,31117.75,2.97,26237.4,-0.16,46632.85,-0.85,28799.65,-0.29,13466.9,0.31,26962.55,0.42,37981.2,-0.32,8578.9,-0.1,908.85,-0.08,,,9228.75,-0.1
2.1.0,20260828_144803_000,2026-08-28T14:48:03+05:30,2026-08-28T14:48:03+05:30,Asia/Kolkata,NSE,24117.9,0.11,57396.95,-0.2,31122.5,2.98,26238.65,-0.16,46648.4,-0.81,28809.6,-0.26,13472.15,0.35,26968.55,0.45,37992.1,-0.29,8579.5,-0.1,908.75,-0.09,,,9230.2,-0.08
2.1.0,20260828_144903_000,2026-08-28T14:49:03+05:30,2026-08-28T14:49:03+05:30,Asia/Kolkata,NSE,24123.45,0.14,57418.4,-0.16,31129.5,3.01,26247.3,-0.13,46662.4,-0.78,28822.65,-0.21,13473.1,0.36,26966.7,0.44,37996.2,-0.28,8583.3,-0.05,908.7,-0.1,,,9231.1,-0.07
2.1.0,20260828_145002_999,2026-08-28T14:50:02+05:30,2026-08-28T14:50:02+05:30,Asia/Kolkata,NSE,24127.95,0.15,57439.7,-0.12,31124.05,2.99,26256.05,-0.09,46656.0,-0.8,28825.35,-0.2,13473.2,0.36,26959.15,0.41,38003.25,-0.26,8588.6,0.01,908.8,-0.09,,,9233.9,-0.04
2.1.0,20260828_145103_000,2026-08-28T14:51:03+05:30,2026-08-28T14:51:03+05:30,Asia/Kolkata,NSE,24135.0,0.18,57450.3,-0.1,31133.3,3.02,26262.55,-0.07,46667.0,-0.77,28827.6,-0.19,13475.25,0.37,26960.8,0.42,38005.1,-0.26,8589.3,0.02,908.75,-0.09,,,9235.7,-0.02
2.1.0,20260828_145203_000,2026-08-28T14:52:03+05:30,2026-08-28T14:52:03+05:30,Asia/Kolkata,NSE,24131.8,0.17,57437.8,-0.13,31147.85,3.07,26254.95,-0.1,46664.1,-0.78,28827.55,-0.19,13476.4,0.38,26957.35,0.4,37998.55,-0.28,8585.95,-0.02,908.4,-0.13,,,9233.75,-0.04
2.1.0,20260828_145303_000,2026-08-28T14:53:03+05:30,2026-08-28T14:53:03+05:30,Asia/Kolkata,NSE,24135.3,0.18,57449.05,-0.11,31153.4,3.08,26258.25,-0.09,46673.05,-0.76,28832.05,-0.18,13475.4,0.37,26970.6,0.45,38004.0,-0.26,8587.4,-0.0,908.25,-0.15,,,9234.15,-0.04
2.1.0,20260828_145403_000,2026-08-28T14:54:03+05:30,2026-08-28T14:54:03+05:30,Asia/Kolkata,NSE,24136.1,0.19,57455.95,-0.09,31142.4,3.05,26262.15,-0.07,46680.85,-0.74,28834.8,-0.17,13474.05,0.36,26972.55,0.46,38002.85,-0.27,8588.15,0.0,908.5,-0.12,,,9234.5,-0.04
2.1.0,20260828_145503_000,2026-08-28T14:55:03+05:30,2026-08-28T14:55:03+05:30,Asia/Kolkata,NSE,24139.05,0.2,57462.95,-0.08,31145.45,3.06,26265.25,-0.06,46686.6,-0.73,28847.6,-0.12,13473.8,0.36,26971.55,0.46,38008.5,-0.25,8588.75,0.01,908.3,-0.14,,,9234.95,-0.03
2.1.0,20260828_145603_000,2026-08-28T14:56:03+05:30,2026-08-28T14:56:03+05:30,Asia/Kolkata,NSE,24136.05,0.19,57453.4,-0.1,31144.85,3.06,26259.4,-0.08,46683.75,-0.74,28841.6,-0.15,13471.2,0.34,26971.55,0.46,37996.95,-0.28,8587.05,-0.01,908.1,-0.16,,,9233.95,-0.04
2.1.0,20260828_145703_000,2026-08-28T14:57:03+05:30,2026-08-28T14:57:03+05:30,Asia/Kolkata,NSE,24132.15,0.17,57444.6,-0.11,31148.35,3.07,26255.95,-0.09,46691.5,-0.72,28841.75,-0.14,13467.5,0.32,26960.75,0.42,37988.0,-0.3,8584.1,-0.04,907.75,-0.2,,,9231.7,-0.07
2.1.0,20260828_145803_002,2026-08-28T14:58:03+05:30,2026-08-28T14:58:03+05:30,Asia/Kolkata,NSE,24130.8,0.17,57453.95,-0.1,31148.35,3.07,26258.8,-0.08,46684.65,-0.74,28842.45,-0.14,13461.7,0.27,26953.85,0.39,37984.95,-0.31,8584.55,-0.04,907.85,-0.19,,,9230.35,-0.08
2.1.0,20260828_145902_999,2026-08-28T14:59:02+05:30,2026-08-28T14:59:02+05:30,Asia/Kolkata,NSE,24129.0,0.16,57453.75,-0.1,31148.3,3.07,26260.0,-0.08,46678.6,-0.75,28836.2,-0.16,13464.4,0.29,26952.35,0.39,37980.45,-0.32,8584.35,-0.04,907.75,-0.2,,,9229.45,-0.09
2.1.0,20260828_150002_999,2026-08-28T15:00:02+05:30,2026-08-28T15:00:02+05:30,Asia/Kolkata,NSE,24126.6,0.15,57449.55,-0.11,31144.15,3.05,26252.95,-0.11,46669.65,-0.77,28832.35,-0.18,13462.9,0.28,26942.75,0.35,37976.5,-0.33,8583.85,-0.05,907.95,-0.18,,,9229.0,-0.1
2.1.0,20260828_150103_000,2026-08-28T15:01:03+05:30,2026-08-28T15:01:03+05:30,Asia/Kolkata,NSE,24122.85,0.13,57429.95,-0.14,31137.7,3.03,26244.05,-0.14,46673.9,-0.76,28832.0,-0.18,13464.1,0.29,26947.2,0.37,37967.65,-0.36,8581.4,-0.07,907.95,-0.18,,,9227.2,-0.11
2.1.0,20260828_150203_000,2026-08-28T15:02:03+05:30,2026-08-28T15:02:03+05:30,Asia/Kolkata,NSE,24117.55,0.11,57433.3,-0.13,31140.0,3.04,26240.35,-0.15,46679.65,-0.75,28814.05,-0.24,13466.65,0.31,26945.65,0.36,37967.15,-0.36,8582.75,-0.06,907.7,-0.21,,,9224.9,-0.14
2.1.0,20260828_150303_000,2026-08-28T15:03:03+05:30,2026-08-28T15:03:03+05:30,Asia/Kolkata,NSE,24108.3,0.07,57415.2,-0.16,31143.6,3.05,26228.95,-0.2,46675.75,-0.75,28793.9,-0.31,13464.35,0.29,26949.85,0.38,37944.85,-0.42,8580.75,-0.08,906.5,-0.34,,,9220.0,-0.19
2.1.0,20260828_150403_000,2026-08-28T15:04:03+05:30,2026-08-28T15:04:03+05:30,Asia/Kolkata,NSE,24108.5,0.07,57405.2,-0.18,31146.0,3.06,26227.6,-0.2,46675.05,-0.76,28797.75,-0.3,13459.95,0.26,26951.85,0.38,37940.3,-0.43,8580.45,-0.09,906.15,-0.38,,,9219.35,-0.2
2.1.0,20260828_150503_000,2026-08-28T15:05:03+05:30,2026-08-28T15:05:03+05:30,Asia/Kolkata,NSE,24109.5,0.08,57411.35,-0.17,31163.1,3.12,26230.05,-0.19,46677.25,-0.75,28797.05,-0.3,13467.9,0.32,26950.65,0.38,37940.2,-0.43,8581.15,-0.08,906.7,-0.32,,,9218.15,-0.21
2.1.0,20260828_150603_000,2026-08-28T15:06:03+05:30,2026-08-28T15:06:03+05:30,Asia/Kolkata,NSE,24110.05,0.08,57408.45,-0.18,31172.25,3.15,26228.95,-0.2,46672.8,-0.76,28798.95,-0.29,13466.35,0.31,26946.1,0.36,37938.35,-0.43,8580.5,-0.09,906.2,-0.37,,,9217.45,-0.22
2.1.0,20260828_150702_999,2026-08-28T15:07:02+05:30,2026-08-28T15:07:02+05:30,Asia/Kolkata,NSE,24111.8,0.09,57403.3,-0.19,31182.8,3.18,26226.35,-0.21,46677.85,-0.75,28804.3,-0.27,13476.35,0.38,26959.75,0.41,37943.1,-0.42,8581.35,-0.08,906.5,-0.34,,,9216.25,-0.23
2.1.0,20260828_150802_999,2026-08-28T15:08:02+05:30,2026-08-28T15:08:02+05:30,Asia/Kolkata,NSE,24113.35,0.09,57405.8,-0.18,31169.3,3.14,26231.15,-0.19,46675.05,-0.76,28802.1,-0.28,13478.4,0.4,26966.05,0.44,37939.5,-0.43,8581.25,-0.08,906.7,-0.32,,,9216.4,-0.23
2.1.0,20260828_150903_000,2026-08-28T15:09:03+05:30,2026-08-28T15:09:03+05:30,Asia/Kolkata,NSE,24121.15,0.13,57420.7,-0.16,31187.05,3.2,26240.2,-0.15,46685.3,-0.73,28800.3,-0.29,13478.35,0.4,26973.95,0.47,37943.95,-0.42,8583.05,-0.06,905.9,-0.41,,,9219.45,-0.2
2.1.0,20260828_151003_000,2026-08-28T15:10:03+05:30,2026-08-28T15:10:03+05:30,Asia/Kolkata,NSE,24122.9,0.13,57428.2,-0.14,31188.35,3.2,26245.25,-0.13,46671.8,-0.76,28797.8,-0.3,13475.25,0.37,26981.1,0.49,37935.1,-0.44,8581.5,-0.07,906.15,-0.38,,,9220.35,-0.19
2.1.0,20260828_151103_000,2026-08-28T15:11:03+05:30,2026-08-28T15:11:03+05:30,Asia/Kolkata,NSE,24127.75,0.15,57430.85,-0.14,31207.55,3.26,26250.1,-0.12,46659.0,-0.79,28800.25,-0.29,13474.7,0.37,26977.7,0.48,37944.45,-0.42,8583.6,-0.05,906.05,-0.39,,,9222.7,-0.16
2.1.0,20260828_151203_001,2026-08-28T15:12:03+05:30,2026-08-28T15:12:03+05:30,Asia/Kolkata,NSE,24154.2,0.26,57465.3,-0.08,31249.4,3.4,26270.35,-0.04,46707.8,-0.69,28817.65,-0.23,13485.35,0.45,26992.6,0.54,37963.35,-0.37,8586.2,-0.02,906.0,-0.4,,,9231.95,-0.06
2.1.0,20260828_151303_000,2026-08-28T15:13:03+05:30,2026-08-28T15:13:03+05:30,Asia/Kolkata,NSE,24155.7,0.27,57465.1,-0.08,31269.75,3.47,26265.65,-0.06,46708.6,-0.68,28824.75,-0.2,13498.2,0.54,27003.35,0.58,37979.05,-0.33,8588.5,0.01,906.75,-0.31,,,9232.4,-0.06
2.1.0,20260828_151402_999,2026-08-28T15:14:02+05:30,2026-08-28T15:14:02+05:30,Asia/Kolkata,NSE,24147.65,0.24,57461.6,-0.08,31263.85,3.45,26260.45,-0.08,46687.95,-0.73,28818.0,-0.23,13489.55,0.48,26998.5,0.56,37978.75,-0.33,8585.3,-0.03,906.75,-0.31,,,9233.7,-0.04
2.1.0,20260828_151503_000,2026-08-28T15:15:03+05:30,2026-08-28T15:15:03+05:30,Asia/Kolkata,NSE,24142.45,0.21,57432.25,-0.14,31264.2,3.45,26256.55,-0.09,46710.05,-0.68,28805.2,-0.27,13493.8,0.51,26971.85,0.46,37972.95,-0.34,8584.8,-0.03,905.4,-0.46,,,9231.05,-0.07
2.1.0,20260828_151603_000,2026-08-28T15:16:03+05:30,2026-08-28T15:16:03+05:30,Asia/Kolkata,NSE,24142.45,0.21,57432.25,-0.14,31264.2,3.45,26256.55,-0.09,46709.6,-0.68,28804.85,-0.27,13490.2,0.48,26970.6,0.45,37973.55,-0.34,8584.7,-0.04,905.5,-0.45,,,9231.05,-0.07
2.1.0,20260828_151703_000,2026-08-28T15:17:03+05:30,2026-08-28T15:17:03+05:30,Asia/Kolkata,NSE,24142.45,0.21,57432.25,-0.14,31264.2,3.45,26256.55,-0.09,46710.35,-0.68,28804.8,-0.27,13489.35,0.48,26969.55,0.45,37972.25,-0.35,8584.7,-0.04,905.45,-0.46,,,9231.05,-0.07
2.1.0,20260828_151803_000,2026-08-28T15:18:03+05:30,2026-08-28T15:18:03+05:30,Asia/Kolkata,NSE,24142.45,0.21,57432.25,-0.14,31264.2,3.45,26256.55,-0.09,46710.05,-0.68,28805.35,-0.27,13489.15,0.48,26969.95,0.45,37972.4,-0.35,8584.6,-0.04,905.55,-0.45,,,9231.05,-0.07
2.1.0,20260828_151903_000,2026-08-28T15:19:03+05:30,2026-08-28T15:19:03+05:30,Asia/Kolkata,NSE,24142.45,0.21,57432.25,-0.14,31264.2,3.45,26256.55,-0.09,46710.2,-0.68,28805.45,-0.27,13489.8,0.48,26969.3,0.45,37972.05,-0.35,8584.8,-0.03,905.55,-0.45,,,9231.05,-0.07
2.1.0,20260828_152003_000,2026-08-28T15:20:03+05:30,2026-08-28T15:20:03+05:30,Asia/Kolkata,NSE,24142.45,0.21,57432.25,-0.14,31264.2,3.45,26256.55,-0.09,46710.2,-0.68,28805.6,-0.27,13489.35,0.48,26969.3,0.45,37972.0,-0.35,8584.75,-0.04,905.65,-0.43,,,9231.05,-0.07
2.1.0,20260828_152102_999,2026-08-28T15:21:02+05:30,2026-08-28T15:21:02+05:30,Asia/Kolkata,NSE,24142.45,0.21,57432.25,-0.14,31264.2,3.45,26256.55,-0.09,46711.0,-0.68,28805.2,-0.27,13489.75,0.48,26968.8,0.45,37971.25,-0.35,8584.8,-0.03,905.65,-0.43,,,9231.05,-0.07
2.1.0,20260828_152203_004,2026-08-28T15:22:03+05:30,2026-08-28T15:22:03+05:30,Asia/Kolkata,NSE,24142.45,0.21,57432.25,-0.14,31264.2,3.45,26256.55,-0.09,46710.6,-0.68,28805.1,-0.27,13490.05,0.48,26968.95,0.45,37972.65,-0.34,8584.8,-0.03,905.65,-0.43,,,9231.05,-0.07
2.1.0,20260828_152303_000,2026-08-28T15:23:03+05:30,2026-08-28T15:23:03+05:30,Asia/Kolkata,NSE,24142.45,0.21,57432.25,-0.14,31264.2,3.45,26256.55,-0.09,46710.0,-0.68,28804.25,-0.27,13489.15,0.48,26970.65,0.45,37971.7,-0.35,8585.0,-0.03,905.6,-0.44,,,9231.05,-0.07
2.1.0,20260828_152403_000,2026-08-28T15:24:03+05:30,2026-08-28T15:24:03+05:30,Asia/Kolkata,NSE,24142.45,0.21,57432.25,-0.14,31264.2,3.45,26256.55,-0.09,46710.3,-0.68,28804.6,-0.27,13490.25,0.48,26968.85,0.45,37972.75,-0.34,8584.95,-0.03,905.5,-0.45,,,9231.05,-0.07
2.1.0,20260828_152502_999,2026-08-28T15:25:02+05:30,2026-08-28T15:25:02+05:30,Asia/Kolkata,NSE,24142.45,0.21,57432.25,-0.14,31264.2,3.45,26256.55,-0.09,46709.05,-0.68,28804.6,-0.27,13487.9,0.47,26967.2,0.44,37972.45,-0.35,8585.0,-0.03,905.55,-0.45,,,9231.05,-0.07
2.1.0,20260828_152603_000,2026-08-28T15:26:03+05:30,2026-08-28T15:26:03+05:30,Asia/Kolkata,NSE,24142.45,0.21,57432.25,-0.14,31264.2,3.45,26256.55,-0.09,46710.15,-0.68,28804.7,-0.27,13487.25,0.46,26968.45,0.45,37974.0,-0.34,8584.95,-0.03,905.35,-0.47,,,9231.05,-0.07
2.1.0,20260828_152703_000,2026-08-28T15:27:03+05:30,2026-08-28T15:27:03+05:30,Asia/Kolkata,NSE,24142.45,0.21,57432.25,-0.14,31264.2,3.45,26256.55,-0.09,46710.0,-0.68,28804.55,-0.27,13487.8,0.47,26971.0,0.46,37974.15,-0.34,8584.95,-0.03,905.35,-0.47,,,9231.05,-0.07
2.1.0,20260828_152742_562,2026-08-28T15:27:42+05:30,2026-08-28T15:27:42+05:30,Asia/Kolkata,NSE,24142.45,0.21,57432.25,-0.14,31264.2,3.45,26256.55,-0.09,46710.65,-0.68,28804.8,-0.27,13487.4,0.46,26968.65,0.45,37973.3,-0.34,8584.95,-0.03,905.3,-0.47,,,9231.05,-0.07
2.1.0,20260828_152803_000,2026-08-28T15:28:03+05:30,2026-08-28T15:28:03+05:30,Asia/Kolkata,NSE,24142.45,0.21,57432.25,-0.14,31264.2,3.45,26256.55,-0.09,46709.6,-0.68,28804.85,-0.27,13487.05,0.46,26970.6,0.45,37974.5,-0.34,8585.05,-0.03,905.3,-0.47,,,9231.05,-0.07
2.1.0,20260828_152903_001,2026-08-28T15:29:03+05:30,2026-08-28T15:29:03+05:30,Asia/Kolkata,NSE,24142.45,0.21,57432.25,-0.14,31264.2,3.45,26256.55,-0.09,46709.5,-0.68,28804.9,-0.27,13488.45,0.47,26972.15,0.46,37975.95,-0.34,8585.3,-0.03,905.4,-0.46,,,9231.05,-0.07
