schema_version,capture_timestamp,spot,india_vix,nifty_index_last,index_day_high,index_day_low
2.1.0,2026-08-28T11:13:20+05:30,24159.55,10.73,24159.55,24188.3,24106.55
2.1.0,2026-08-28T11:13:39+05:30,24158.1,10.72,24158.1,24188.3,24106.55
2.1.0,2026-08-28T11:14:20+05:30,24162.1,10.74,24162.1,24188.3,24106.55
2.1.0,2026-08-28T11:14:40+05:30,24164.7,10.73,24164.7,24188.3,24106.55
2.1.0,2026-08-28T11:15:20+05:30,24162.3,10.78,24162.3,24188.3,24106.55
2.1.0,2026-08-28T11:15:40+05:30,24161.65,10.78,24161.65,24188.3,24106.55
2.1.0,2026-08-28T11:16:20+05:30,24159.25,10.75,24159.25,24188.3,24106.55
2.1.0,2026-08-28T11:16:40+05:30,24157.6,10.75,24157.6,24188.3,24106.55
2.1.0,2026-08-28T11:17:20+05:30,24156.1,10.73,24156.1,24188.3,24106.55
2.1.0,2026-08-28T11:17:39+05:30,24154.3,10.74,24154.3,24188.3,24106.55
2.1.0,2026-08-28T11:18:20+05:30,24150.75,10.74,24150.75,24188.3,24106.55
2.1.0,2026-08-28T11:18:40+05:30,24148.9,10.75,24148.9,24188.3,24106.55
2.1.0,2026-08-28T11:19:20+05:30,24151.45,10.75,24151.45,24188.3,24106.55
2.1.0,2026-08-28T11:19:40+05:30,24150.15,10.76,24150.15,24188.3,24106.55
2.1.0,2026-08-28T11:20:19+05:30,24150.3,10.76,24150.3,24188.3,24106.55
2.1.0,2026-08-28T11:20:40+05:30,24149.05,10.77,24149.05,24188.3,24106.55
2.1.0,2026-08-28T11:21:20+05:30,24146.85,10.81,24146.85,24188.3,24106.55
2.1.0,2026-08-28T11:21:40+05:30,24144.25,10.81,24144.25,24188.3,24106.55
2.1.0,2026-08-28T11:22:20+05:30,24141.8,10.82,24141.8,24188.3,24106.55
2.1.0,2026-08-28T11:22:40+05:30,24142.5,10.84,24142.5,24188.3,24106.55
2.1.0,2026-08-28T11:23:19+05:30,24145.55,10.82,24145.55,24188.3,24106.55
2.1.0,2026-08-28T11:23:40+05:30,24143.7,10.83,24143.7,24188.3,24106.55
2.1.0,2026-08-28T11:24:20+05:30,24140.4,10.84,24140.4,24188.3,24106.55
2.1.0,2026-08-28T11:24:40+05:30,24139.0,10.82,24139.0,24188.3,24106.55
2.1.0,2026-08-28T11:25:20+05:30,24137.7,10.87,24137.7,24188.3,24106.55
2.1.0,2026-08-28T11:25:40+05:30,24137.55,10.87,24137.55,24188.3,24106.55
2.1.0,2026-08-28T11:26:20+05:30,24137.05,10.87,24137.05,24188.3,24106.55
2.1.0,2026-08-28T11:26:40+05:30,24134.05,10.85,24134.05,24188.3,24106.55
2.1.0,2026-08-28T11:27:19+05:30,24131.55,10.83,24131.55,24188.3,24106.55
2.1.0,2026-08-28T11:27:40+05:30,24131.35,10.87,24131.35,24188.3,24106.55
2.1.0,2026-08-28T11:28:19+05:30,24127.65,10.85,24127.65,24188.3,24106.55
2.1.0,2026-08-28T11:28:40+05:30,24127.9,10.85,24127.9,24188.3,24106.55
2.1.0,2026-08-28T11:29:20+05:30,24122.85,10.86,24122.85,24188.3,24106.55
2.1.0,2026-08-28T11:29:40+05:30,24120.6,10.84,24120.6,24188.3,24106.55
2.1.0,2026-08-28T11:30:20+05:30,24118.95,10.87,24118.95,24188.3,24106.55
2.1.0,2026-08-28T11:30:40+05:30,24120.0,10.87,24120.0,24188.3,24106.55
2.1.0,2026-08-28T11:31:20+05:30,24118.25,10.86,24118.25,24188.3,24106.55
2.1.0,2026-08-28T11:31:40+05:30,24117.75,10.86,24117.75,24188.3,24106.55
2.1.0,2026-08-28T11:32:20+05:30,24122.35,10.85,24122.35,24188.3,24106.55
2.1.0,2026-08-28T11:32:40+05:30,24116.6,10.87,24116.6,24188.3,24106.55
2.1.0,2026-08-28T11:33:20+05:30,24116.3,10.87,24116.3,24188.3,24106.55
2.1.0,2026-08-28T11:33:40+05:30,24115.1,10.87,24115.1,24188.3,24106.55
2.1.0,2026-08-28T11:34:20+05:30,24105.75,11.0,24105.75,24188.3,24102.85
2.1.0,2026-08-28T11:34:40+05:30,24106.35,10.95,24106.35,24188.3,24102.85
2.1.0,2026-08-28T11:35:20+05:30,24105.75,10.89,24105.75,24188.3,24102.85
2.1.0,2026-08-28T11:35:40+05:30,24102.95,10.93,24102.95,24188.3,24102.3
2.1.0,2026-08-28T11:36:19+05:30,24093.65,10.94,24093.65,24188.3,24092.85
2.1.0,2026-08-28T11:36:40+05:30,24094.45,10.96,24094.45,24188.3,24092.85
2.1.0,2026-08-28T11:37:20+05:30,24097.2,10.9,24097.2,24188.3,24092.85
2.1.0,2026-08-28T11:37:40+05:30,24094.45,10.93,24094.45,24188.3,24092.85
2.1.0,2026-08-28T11:38:19+05:30,24103.65,10.91,24103.65,24188.3,24092.85
2.1.0,2026-08-28T11:38:39+05:30,24101.95,10.93,24101.95,24188.3,24092.85
2.1.0,2026-08-28T11:39:20+05:30,24102.4,10.92,24102.4,24188.3,24092.85
2.1.0,2026-08-28T11:39:40+05:30,24102.85,10.92,24102.85,24188.3,24092.85
2.1.0,2026-08-28T11:40:20+05:30,24103.7,10.86,24103.7,24188.3,24092.85
2.1.0,2026-08-28T11:40:40+05:30,24103.25,10.84,24103.25,24188.3,24092.85
2.1.0,2026-08-28T11:41:20+05:30,24105.8,10.87,24105.8,24188.3,24092.85
2.1.0,2026-08-28T11:41:40+05:30,24105.95,10.83,24105.95,24188.3,24092.85
2.1.0,2026-08-28T11:42:20+05:30,24101.15,10.81,24101.15,24188.3,24092.85
2.1.0,2026-08-28T11:42:40+05:30,24099.15,10.82,24099.15,24188.3,24092.85
2.1.0,2026-08-28T11:43:20+05:30,24098.75,10.85,24098.75,24188.3,24092.85
2.1.0,2026-08-28T11:43:40+05:30,24100.5,10.85,24100.5,24188.3,24092.85
2.1.0,2026-08-28T11:44:20+05:30,24103.5,10.85,24103.5,24188.3,24092.85
2.1.0,2026-08-28T11:44:40+05:30,24105.75,10.86,24105.75,24188.3,24092.85
2.1.0,2026-08-28T11:45:20+05:30,24102.1,10.82,24102.1,24188.3,24092.85
2.1.0,2026-08-28T11:45:40+05:30,24098.95,10.84,24098.95,24188.3,24092.85
2.1.0,2026-08-28T11:46:20+05:30,24101.1,10.85,24101.1,24188.3,24092.85
2.1.0,2026-08-28T11:46:40+05:30,24102.25,10.87,24102.25,24188.3,24092.85
2.1.0,2026-08-28T11:47:19+05:30,24103.7,10.85,24103.7,24188.3,24092.85
2.1.0,2026-08-28T11:47:40+05:30,24103.55,10.83,24103.55,24188.3,24092.85
2.1.0,2026-08-28T11:48:20+05:30,24101.4,10.84,24101.4,24188.3,24092.85
2.1.0,2026-08-28T11:48:40+05:30,24104.55,10.82,24104.55,24188.3,24092.85
2.1.0,2026-08-28T11:49:20+05:30,24102.4,10.84,24102.4,24188.3,24092.85
2.1.0,2026-08-28T11:49:40+05:30,24102.45,10.84,24102.45,24188.3,24092.85
2.1.0,2026-08-28T11:50:20+05:30,24106.5,10.84,24106.5,24188.3,24092.85
2.1.0,2026-08-28T11:50:40+05:30,24105.2,10.87,24105.2,24188.3,24092.85
2.1.0,2026-08-28T11:51:20+05:30,24105.25,10.93,24105.25,24188.3,24092.85
2.1.0,2026-08-28T11:51:40+05:30,24106.6,10.9,24106.6,24188.3,24092.85
2.1.0,2026-08-28T11:52:20+05:30,24105.2,10.94,24105.2,24188.3,24092.85
2.1.0,2026-08-28T11:52:40+05:30,24104.65,10.96,24104.65,24188.3,24092.85
2.1.0,2026-08-28T11:53:20+05:30,24102.45,10.93,24102.45,24188.3,24092.85
2.1.0,2026-08-28T11:53:39+05:30,24100.3,10.96,24100.3,24188.3,24092.85
2.1.0,2026-08-28T11:54:20+05:30,24099.5,10.95,24099.5,24188.3,24092.85
2.1.0,2026-08-28T11:54:40+05:30,24100.9,10.96,24100.9,24188.3,24092.85
2.1.0,2026-08-28T11:55:20+05:30,24097.1,10.97,24097.1,24188.3,24092.85
2.1.0,2026-08-28T11:55:40+05:30,24096.5,10.98,24096.5,24188.3,24092.85
2.1.0,2026-08-28T11:56:20+05:30,24095.2,10.99,24095.2,24188.3,24092.85
2.1.0,2026-08-28T11:56:40+05:30,24091.75,11.03,24091.75,24188.3,24090.65
2.1.0,2026-08-28T11:57:20+05:30,24079.7,11.11,24079.7,24188.3,24079.05
2.1.0,2026-08-28T11:57:39+05:30,24078.35,11.09,24078.35,24188.3,24077.5
2.1.0,2026-08-28T11:58:40+05:30,24082.6,11.03,24082.6,24188.3,24076.85
2.1.0,2026-08-28T11:59:20+05:30,24085.7,11.01,24085.7,24188.3,24076.85
2.1.0,2026-08-28T11:59:40+05:30,24086.7,11.02,24086.7,24188.3,24076.85
2.1.0,2026-08-28T12:00:20+05:30,24085.0,11.01,24085.0,24188.3,24076.85
2.1.0,2026-08-28T12:00:40+05:30,24084.8,11.02,24084.8,24188.3,24076.85
2.1.0,2026-08-28T12:01:20+05:30,24083.65,11.01,24083.65,24188.3,24076.85
2.1.0,2026-08-28T12:01:40+05:30,24084.9,11.03,24084.9,24188.3,24076.85
2.1.0,2026-08-28T12:02:20+05:30,24083.35,11.0,24083.35,24188.3,24076.85
2.1.0,2026-08-28T12:02:39+05:30,24084.1,11.0,24084.1,24188.3,24076.85
2.1.0,2026-08-28T12:03:20+05:30,24084.3,11.02,24084.3,24188.3,24076.85
2.1.0,2026-08-28T12:03:40+05:30,24083.6,10.99,24083.6,24188.3,24076.85
2.1.0,2026-08-28T12:04:20+05:30,24083.7,11.04,24083.7,24188.3,24076.85
2.1.0,2026-08-28T12:04:40+05:30,24091.1,10.95,24091.1,24188.3,24076.85
2.1.0,2026-08-28T12:05:20+05:30,24086.6,10.99,24086.6,24188.3,24076.85
2.1.0,2026-08-28T12:05:40+05:30,24088.2,10.98,24088.2,24188.3,24076.85
2.1.0,2026-08-28T12:06:19+05:30,24086.95,11.05,24086.95,24188.3,24076.85
2.1.0,2026-08-28T12:06:40+05:30,24088.7,11.0,24088.7,24188.3,24076.85
2.1.0,2026-08-28T12:07:19+05:30,24091.1,10.94,24091.1,24188.3,24076.85
2.1.0,2026-08-28T12:07:40+05:30,24092.25,10.94,24092.25,24188.3,24076.85
2.1.0,2026-08-28T12:08:20+05:30,24096.3,10.93,24096.3,24188.3,24076.85
2.1.0,2026-08-28T12:08:40+05:30,24097.0,10.92,24097.0,24188.3,24076.85
2.1.0,2026-08-28T12:09:20+05:30,24091.0,10.99,24091.0,24188.3,24076.85
2.1.0,2026-08-28T12:09:39+05:30,24090.85,11.0,24090.85,24188.3,24076.85
2.1.0,2026-08-28T12:10:20+05:30,24086.85,11.05,24086.85,24188.3,24076.85
2.1.0,2026-08-28T12:10:40+05:30,24084.0,11.07,24084.0,24188.3,24076.85
2.1.0,2026-08-28T12:11:20+05:30,24081.8,11.06,24081.8,24188.3,24076.85
2.1.0,2026-08-28T12:11:40+05:30,24079.75,11.04,24079.75,24188.3,24076.85
2.1.0,2026-08-28T12:12:20+05:30,24078.05,11.07,24078.05,24188.3,24076.85
2.1.0,2026-08-28T12:12:40+05:30,24080.15,11.1,24080.15,24188.3,24076.85
2.1.0,2026-08-28T12:13:20+05:30,24080.85,11.1,24080.85,24188.3,24076.85
2.1.0,2026-08-28T12:13:40+05:30,24081.75,11.1,24081.75,24188.3,24076.85
2.1.0,2026-08-28T12:14:20+05:30,24085.35,11.09,24085.35,24188.3,24076.85
2.1.0,2026-08-28T12:14:39+05:30,24087.6,11.06,24087.6,24188.3,24076.85
2.1.0,2026-08-28T12:15:20+05:30,24086.55,11.07,24086.55,24188.3,24076.85
2.1.0,2026-08-28T12:15:40+05:30,24086.9,11.11,24086.9,24188.3,24076.85
2.1.0,2026-08-28T12:16:20+05:30,24087.2,11.1,24087.2,24188.3,24076.85
2.1.0,2026-08-28T12:16:39+05:30,24085.65,11.13,24085.65,24188.3,24076.85
2.1.0,2026-08-28T12:17:20+05:30,24086.3,11.13,24086.3,24188.3,24076.85
2.1.0,2026-08-28T12:17:40+05:30,24087.0,11.1,24087.0,24188.3,24076.85
2.1.0,2026-08-28T12:18:19+05:30,24087.95,11.1,24087.95,24188.3,24076.85
2.1.0,2026-08-28T12:18:39+05:30,24088.45,11.1,24088.45,24188.3,24076.85
2.1.0,2026-08-28T12:19:20+05:30,24087.55,11.11,24087.55,24188.3,24076.85
2.1.0,2026-08-28T12:19:40+05:30,24087.15,11.11,24087.15,24188.3,24076.85
2.1.0,2026-08-28T12:20:20+05:30,24091.55,11.04,24091.55,24188.3,24076.85
2.1.0,2026-08-28T12:20:40+05:30,24092.7,11.0,24092.7,24188.3,24076.85
2.1.0,2026-08-28T12:21:20+05:30,24093.6,11.06,24093.6,24188.3,24076.85
2.1.0,2026-08-28T12:21:40+05:30,24092.35,11.07,24092.35,24188.3,24076.85
2.1.0,2026-08-28T12:22:20+05:30,24093.2,11.08,24093.2,24188.3,24076.85
2.1.0,2026-08-28T12:22:40+05:30,24091.7,11.12,24091.7,24188.3,24076.85
2.1.0,2026-08-28T12:23:20+05:30,24089.6,11.12,24089.6,24188.3,24076.85
2.1.0,2026-08-28T12:23:39+05:30,24087.0,11.13,24087.0,24188.3,24076.85
2.1.0,2026-08-28T12:24:20+05:30,24084.65,11.08,24084.65,24188.3,24076.85
2.1.0,2026-08-28T12:24:40+05:30,24085.9,11.09,24085.9,24188.3,24076.85
2.1.0,2026-08-28T12:25:20+05:30,24084.1,11.11,24084.1,24188.3,24076.85
2.1.0,2026-08-28T12:25:40+05:30,24085.95,11.11,24085.95,24188.3,24076.85
2.1.0,2026-08-28T12:26:20+05:30,24088.05,11.13,24088.05,24188.3,24076.85
2.1.0,2026-08-28T12:26:40+05:30,24089.75,11.13,24089.75,24188.3,24076.85
2.1.0,2026-08-28T12:27:20+05:30,24092.2,11.08,24092.2,24188.3,24076.85
2.1.0,2026-08-28T12:27:40+05:30,24091.15,11.1,24091.15,24188.3,24076.85
2.1.0,2026-08-28T12:28:19+05:30,24091.95,11.1,24091.95,24188.3,24076.85
2.1.0,2026-08-28T12:28:40+05:30,24092.5,11.08,24092.5,24188.3,24076.85
2.1.0,2026-08-28T12:29:20+05:30,24093.55,11.06,24093.55,24188.3,24076.85
2.1.0,2026-08-28T12:29:40+05:30,24093.4,11.05,24093.4,24188.3,24076.85
2.1.0,2026-08-28T12:30:20+05:30,24096.8,11.0,24096.8,24188.3,24076.85
2.1.0,2026-08-28T12:30:40+05:30,24096.5,11.0,24096.5,24188.3,24076.85
2.1.0,2026-08-28T12:31:20+05:30,24095.4,10.99,24095.4,24188.3,24076.85
2.1.0,2026-08-28T12:31:40+05:30,24099.95,10.99,24099.95,24188.3,24076.85
2.1.0,2026-08-28T12:32:20+05:30,24097.85,10.99,24097.85,24188.3,24076.85
2.1.0,2026-08-28T12:32:40+05:30,24098.95,10.99,24098.95,24188.3,24076.85
2.1.0,2026-08-28T12:33:20+05:30,24101.2,10.99,24101.2,24188.3,24076.85
2.1.0,2026-08-28T12:33:39+05:30,24102.95,10.99,24102.95,24188.3,24076.85
2.1.0,2026-08-28T12:34:19+05:30,24099.3,10.98,24099.3,24188.3,24076.85
2.1.0,2026-08-28T12:34:39+05:30,24102.1,10.98,24102.1,24188.3,24076.85
2.1.0,2026-08-28T12:35:20+05:30,24101.2,10.98,24101.2,24188.3,24076.85
2.1.0,2026-08-28T12:35:40+05:30,24099.4,11.02,24099.4,24188.3,24076.85
2.1.0,2026-08-28T12:36:20+05:30,24100.95,11.0,24100.95,24188.3,24076.85
2.1.0,2026-08-28T12:36:40+05:30,24101.1,11.0,24101.1,24188.3,24076.85
2.1.0,2026-08-28T12:37:19+05:30,24105.25,10.99,24105.25,24188.3,24076.85
2.1.0,2026-08-28T12:37:40+05:30,24101.2,11.04,24101.2,24188.3,24076.85
2.1.0,2026-08-28T12:38:20+05:30,24103.4,11.02,24103.4,24188.3,24076.85
2.1.0,2026-08-28T12:38:40+05:30,24103.9,10.99,24103.9,24188.3,24076.85
2.1.0,2026-08-28T12:39:20+05:30,24105.9,10.99,24105.9,24188.3,24076.85
2.1.0,2026-08-28T12:39:39+05:30,24106.25,10.99,24106.25,24188.3,24076.85
2.1.0,2026-08-28T12:40:20+05:30,24103.95,10.99,24103.95,24188.3,24076.85
2.1.0,2026-08-28T12:40:40+05:30,24104.95,10.99,24104.95,24188.3,24076.85
2.1.0,2026-08-28T12:41:20+05:30,24106.75,10.96,24106.75,24188.3,24076.85
2.1.0,2026-08-28T12:41:39+05:30,24105.75,10.98,24105.75,24188.3,24076.85
2.1.0,2026-08-28T12:42:20+05:30,24106.65,10.98,24106.65,24188.3,24076.85
2.1.0,2026-08-28T12:42:40+05:30,24105.95,10.98,24105.95,24188.3,24076.85
2.1.0,2026-08-28T12:43:20+05:30,24106.05,10.97,24106.05,24188.3,24076.85
2.1.0,2026-08-28T12:43:40+05:30,24107.55,10.94,24107.55,24188.3,24076.85
2.1.0,2026-08-28T12:44:20+05:30,24106.15,10.99,24106.15,24188.3,24076.85
2.1.0,2026-08-28T12:44:40+05:30,24106.15,10.99,24106.15,24188.3,24076.85
2.1.0,2026-08-28T12:45:20+05:30,24102.5,10.98,24102.5,24188.3,24076.85
2.1.0,2026-08-28T12:45:39+05:30,24103.3,10.98,24103.3,24188.3,24076.85
2.1.0,2026-08-28T12:46:20+05:30,24104.1,10.99,24104.1,24188.3,24076.85
2.1.0,2026-08-28T12:46:40+05:30,24104.6,10.98,24104.6,24188.3,24076.85
2.1.0,2026-08-28T12:47:20+05:30,24106.0,10.94,24106.0,24188.3,24076.85
2.1.0,2026-08-28T12:47:39+05:30,24105.55,10.92,24105.55,24188.3,24076.85
2.1.0,2026-08-28T12:48:20+05:30,24102.55,10.96,24102.55,24188.3,24076.85
2.1.0,2026-08-28T12:48:40+05:30,24108.0,10.93,24108.0,24188.3,24076.85
2.1.0,2026-08-28T12:49:19+05:30,24107.05,10.92,24107.05,24188.3,24076.85
2.1.0,2026-08-28T12:49:40+05:30,24106.4,10.93,24106.4,24188.3,24076.85
2.1.0,2026-08-28T12:50:20+05:30,24106.95,10.93,24106.95,24188.3,24076.85
2.1.0,2026-08-28T12:50:39+05:30,24106.5,10.96,24106.5,24188.3,24076.85
2.1.0,2026-08-28T12:51:20+05:30,24106.95,10.93,24106.95,24188.3,24076.85
2.1.0,2026-08-28T12:51:40+05:30,24106.75,10.93,24106.75,24188.3,24076.85
2.1.0,2026-08-28T12:52:20+05:30,24105.85,10.92,24105.85,24188.3,24076.85
2.1.0,2026-08-28T12:52:40+05:30,24108.05,10.92,24108.05,24188.3,24076.85
2.1.0,2026-08-28T12:53:20+05:30,24109.45,10.91,24109.45,24188.3,24076.85
2.1.0,2026-08-28T12:53:40+05:30,24109.4,10.92,24109.4,24188.3,24076.85
2.1.0,2026-08-28T12:54:20+05:30,24105.45,10.92,24105.45,24188.3,24076.85
2.1.0,2026-08-28T12:54:40+05:30,24106.35,10.9,24106.35,24188.3,24076.85
2.1.0,2026-08-28T12:55:20+05:30,24103.7,10.92,24103.7,24188.3,24076.85
2.1.0,2026-08-28T12:55:40+05:30,24102.35,10.97,24102.35,24188.3,24076.85
2.1.0,2026-08-28T12:56:20+05:30,24102.45,10.97,24102.45,24188.3,24076.85
2.1.0,2026-08-28T12:56:40+05:30,24103.65,10.92,24103.65,24188.3,24076.85
2.1.0,2026-08-28T12:57:20+05:30,24102.55,10.93,24102.55,24188.3,24076.85
2.1.0,2026-08-28T12:57:40+05:30,24102.8,10.94,24102.8,24188.3,24076.85
2.1.0,2026-08-28T12:58:20+05:30,24101.9,11.0,24101.9,24188.3,24076.85
2.1.0,2026-08-28T12:58:40+05:30,24102.65,10.97,24102.65,24188.3,24076.85
2.1.0,2026-08-28T12:59:20+05:30,24101.0,10.99,24101.0,24188.3,24076.85
2.1.0,2026-08-28T12:59:39+05:30,24097.85,11.0,24097.85,24188.3,24076.85
2.1.0,2026-08-28T13:00:20+05:30,24097.65,10.99,24097.65,24188.3,24076.85
2.1.0,2026-08-28T13:00:39+05:30,24098.4,10.99,24098.4,24188.3,24076.85
2.1.0,2026-08-28T13:01:20+05:30,24097.3,11.0,24097.3,24188.3,24076.85
2.1.0,2026-08-28T13:01:40+05:30,24097.3,11.0,24097.3,24188.3,24076.85
2.1.0,2026-08-28T13:02:20+05:30,24095.55,11.02,24095.55,24188.3,24076.85
2.1.0,2026-08-28T13:02:39+05:30,24094.4,11.02,24094.4,24188.3,24076.85
2.1.0,2026-08-28T13:03:19+05:30,24095.1,11.03,24095.1,24188.3,24076.85
2.1.0,2026-08-28T13:03:40+05:30,24096.65,11.03,24096.65,24188.3,24076.85
2.1.0,2026-08-28T13:04:20+05:30,24094.8,11.0,24094.8,24188.3,24076.85
2.1.0,2026-08-28T13:04:40+05:30,24092.7,11.01,24092.7,24188.3,24076.85
2.1.0,2026-08-28T13:05:20+05:30,24093.75,10.99,24093.75,24188.3,24076.85
2.1.0,2026-08-28T13:05:40+05:30,24091.4,10.99,24091.4,24188.3,24076.85
2.1.0,2026-08-28T13:06:20+05:30,24091.0,11.02,24091.0,24188.3,24076.85
2.1.0,2026-08-28T13:06:40+05:30,24092.9,11.01,24092.9,24188.3,24076.85
2.1.0,2026-08-28T13:07:20+05:30,24095.05,10.99,24095.05,24188.3,24076.85
2.1.0,2026-08-28T13:07:40+05:30,24096.6,10.98,24096.6,24188.3,24076.85
2.1.0,2026-08-28T13:08:20+05:30,24100.5,10.88,24100.5,24188.3,24076.85
2.1.0,2026-08-28T13:08:40+05:30,24098.35,10.9,24098.35,24188.3,24076.85
2.1.0,2026-08-28T13:09:20+05:30,24099.5,10.86,24099.5,24188.3,24076.85
2.1.0,2026-08-28T13:09:39+05:30,24100.25,10.87,24100.25,24188.3,24076.85
2.1.0,2026-08-28T13:10:20+05:30,24103.75,10.85,24103.75,24188.3,24076.85
2.1.0,2026-08-28T13:10:40+05:30,24103.1,10.87,24103.1,24188.3,24076.85
2.1.0,2026-08-28T13:11:20+05:30,24105.45,10.81,24105.45,24188.3,24076.85
2.1.0,2026-08-28T13:11:40+05:30,24107.55,10.8,24107.55,24188.3,24076.85
2.1.0,2026-08-28T13:12:20+05:30,24108.25,10.79,24108.25,24188.3,24076.85
2.1.0,2026-08-28T13:12:40+05:30,24101.85,10.81,24101.85,24188.3,24076.85
2.1.0,2026-08-28T13:13:20+05:30,24105.15,10.81,24105.15,24188.3,24076.85
2.1.0,2026-08-28T13:13:40+05:30,24106.2,10.82,24106.2,24188.3,24076.85
2.1.0,2026-08-28T13:14:20+05:30,24104.1,10.8,24104.1,24188.3,24076.85
2.1.0,2026-08-28T13:14:40+05:30,24104.7,10.8,24104.7,24188.3,24076.85
2.1.0,2026-08-28T13:15:20+05:30,24102.15,10.76,24102.15,24188.3,24076.85
2.1.0,2026-08-28T13:15:40+05:30,24102.4,10.77,24102.4,24188.3,24076.85
2.1.0,2026-08-28T13:16:20+05:30,24105.0,10.78,24105.0,24188.3,24076.85
2.1.0,2026-08-28T13:16:40+05:30,24101.45,10.8,24101.45,24188.3,24076.85
2.1.0,2026-08-28T13:17:19+05:30,24101.55,10.8,24101.55,24188.3,24076.85
2.1.0,2026-08-28T13:17:40+05:30,24102.0,10.81,24102.0,24188.3,24076.85
2.1.0,2026-08-28T13:18:19+05:30,24104.85,10.81,24104.85,24188.3,24076.85
2.1.0,2026-08-28T13:18:40+05:30,24107.1,10.81,24107.1,24188.3,24076.85
2.1.0,2026-08-28T13:19:20+05:30,24109.45,10.8,24109.45,24188.3,24076.85
2.1.0,2026-08-28T13:19:40+05:30,24109.1,10.81,24109.1,24188.3,24076.85
2.1.0,2026-08-28T13:20:19+05:30,24106.0,10.77,24106.0,24188.3,24076.85
2.1.0,2026-08-28T13:20:40+05:30,24108.15,10.8,24108.15,24188.3,24076.85
2.1.0,2026-08-28T13:21:20+05:30,24108.15,10.8,24108.15,24188.3,24076.85
2.1.0,2026-08-28T13:21:40+05:30,24107.8,10.8,24107.8,24188.3,24076.85
2.1.0,2026-08-28T13:22:20+05:30,24109.55,10.8,24109.55,24188.3,24076.85
2.1.0,2026-08-28T13:22:40+05:30,24111.55,10.77,24111.55,24188.3,24076.85
2.1.0,2026-08-28T13:23:20+05:30,24109.3,10.78,24109.3,24188.3,24076.85
2.1.0,2026-08-28T13:23:40+05:30,24107.7,10.78,24107.7,24188.3,24076.85
2.1.0,2026-08-28T13:24:20+05:30,24109.65,10.77,24109.65,24188.3,24076.85
2.1.0,2026-08-28T13:24:40+05:30,24108.6,10.77,24108.6,24188.3,24076.85
2.1.0,2026-08-28T13:25:20+05:30,24110.1,10.78,24110.1,24188.3,24076.85
2.1.0,2026-08-28T13:25:40+05:30,24108.2,10.75,24108.2,24188.3,24076.85
2.1.0,2026-08-28T13:26:20+05:30,24110.55,10.78,24110.55,24188.3,24076.85
2.1.0,2026-08-28T13:26:40+05:30,24112.35,10.76,24112.35,24188.3,24076.85
2.1.0,2026-08-28T13:27:19+05:30,24114.45,10.84,24114.45,24188.3,24076.85
2.1.0,2026-08-28T13:27:40+05:30,24105.2,10.81,24105.2,24188.3,24076.85
2.1.0,2026-08-28T13:28:20+05:30,24103.35,10.83,24103.35,24188.3,24076.85
2.1.0,2026-08-28T13:28:40+05:30,24100.75,10.84,24100.75,24188.3,24076.85
2.1.0,2026-08-28T13:29:19+05:30,24098.55,10.83,24098.55,24188.3,24076.85
2.1.0,2026-08-28T13:29:40+05:30,24096.7,10.83,24096.7,24188.3,24076.85
2.1.0,2026-08-28T13:30:20+05:30,24096.05,10.8,24096.05,24188.3,24076.85
2.1.0,2026-08-28T13:30:40+05:30,24098.6,10.74,24098.6,24188.3,24076.85
2.1.0,2026-08-28T13:31:20+05:30,24099.1,10.75,24099.1,24188.3,24076.85
2.1.0,2026-08-28T13:31:40+05:30,24099.45,10.75,24099.45,24188.3,24076.85
2.1.0,2026-08-28T13:32:20+05:30,24101.1,10.79,24101.1,24188.3,24076.85
2.1.0,2026-08-28T13:32:39+05:30,24100.9,10.78,24100.9,24188.3,24076.85
2.1.0,2026-08-28T13:33:20+05:30,24106.6,10.76,24106.6,24188.3,24076.85
2.1.0,2026-08-28T13:33:40+05:30,24106.5,10.74,24106.5,24188.3,24076.85
2.1.0,2026-08-28T13:34:20+05:30,24111.9,10.74,24111.9,24188.3,24076.85
2.1.0,2026-08-28T13:34:40+05:30,24109.95,10.73,24109.95,24188.3,24076.85
2.1.0,2026-08-28T13:35:20+05:30,24109.85,10.75,24109.85,24188.3,24076.85
2.1.0,2026-08-28T13:35:40+05:30,24110.1,10.75,24110.1,24188.3,24076.85
2.1.0,2026-08-28T13:36:20+05:30,24106.3,10.74,24106.3,24188.3,24076.85
2.1.0,2026-08-28T13:36:40+05:30,24106.95,10.75,24106.95,24188.3,24076.85
2.1.0,2026-08-28T13:37:20+05:30,24111.65,10.76,24111.65,24188.3,24076.85
2.1.0,2026-08-28T13:37:40+05:30,24113.05,10.75,24113.05,24188.3,24076.85
2.1.0,2026-08-28T13:38:20+05:30,24111.5,10.72,24111.5,24188.3,24076.85
2.1.0,2026-08-28T13:38:40+05:30,24112.7,10.73,24112.7,24188.3,24076.85
2.1.0,2026-08-28T13:39:20+05:30,24112.45,10.74,24112.45,24188.3,24076.85
2.1.0,2026-08-28T13:39:40+05:30,24112.4,10.73,24112.4,24188.3,24076.85
2.1.0,2026-08-28T13:40:20+05:30,24113.65,10.74,24113.65,24188.3,24076.85
2.1.0,2026-08-28T13:40:40+05:30,24116.35,10.73,24116.35,24188.3,24076.85
2.1.0,2026-08-28T13:41:19+05:30,24118.8,10.71,24118.8,24188.3,24076.85
2.1.0,2026-08-28T13:41:39+05:30,24114.75,10.73,24114.75,24188.3,24076.85
2.1.0,2026-08-28T13:42:20+05:30,24111.4,10.71,24111.4,24188.3,24076.85
2.1.0,2026-08-28T13:42:39+05:30,24111.25,10.7,24111.25,24188.3,24076.85
2.1.0,2026-08-28T13:43:20+05:30,24112.5,10.75,24112.5,24188.3,24076.85
2.1.0,2026-08-28T13:43:40+05:30,24112.6,10.74,24112.6,24188.3,24076.85
2.1.0,2026-08-28T13:44:20+05:30,24112.9,10.74,24112.9,24188.3,24076.85
2.1.0,2026-08-28T13:44:39+05:30,24114.0,10.75,24114.0,24188.3,24076.85
2.1.0,2026-08-28T13:45:20+05:30,24111.45,10.73,24111.45,24188.3,24076.85
2.1.0,2026-08-28T13:45:40+05:30,24112.55,10.74,24112.55,24188.3,24076.85
2.1.0,2026-08-28T13:46:20+05:30,24112.3,10.73,24112.3,24188.3,24076.85
2.1.0,2026-08-28T13:46:40+05:30,24112.3,10.78,24112.3,24188.3,24076.85
2.1.0,2026-08-28T13:47:20+05:30,24111.0,10.76,24111.0,24188.3,24076.85
2.1.0,2026-08-28T13:47:40+05:30,24110.3,10.7,24110.3,24188.3,24076.85
2.1.0,2026-08-28T13:48:20+05:30,24104.1,10.73,24104.1,24188.3,24076.85
2.1.0,2026-08-28T13:48:40+05:30,24103.85,10.76,24103.85,24188.3,24076.85
2.1.0,2026-08-28T13:49:20+05:30,24102.5,10.76,24102.5,24188.3,24076.85
2.1.0,2026-08-28T13:49:40+05:30,24103.6,10.75,24103.6,24188.3,24076.85
2.1.0,2026-08-28T13:50:20+05:30,24102.7,10.78,24102.7,24188.3,24076.85
2.1.0,2026-08-28T13:50:40+05:30,24104.85,10.76,24104.85,24188.3,24076.85
2.1.0,2026-08-28T13:51:20+05:30,24101.05,10.79,24101.05,24188.3,24076.85
2.1.0,2026-08-28T13:51:40+05:30,24098.0,10.82,24098.0,24188.3,24076.85
2.1.0,2026-08-28T13:52:20+05:30,24101.6,10.85,24101.6,24188.3,24076.85
2.1.0,2026-08-28T13:52:40+05:30,24104.0,10.85,24104.0,24188.3,24076.85
2.1.0,2026-08-28T13:53:20+05:30,24103.5,10.81,24103.5,24188.3,24076.85
2.1.0,2026-08-28T13:53:40+05:30,24103.95,10.81,24103.95,24188.3,24076.85
2.1.0,2026-08-28T13:54:20+05:30,24102.4,10.81,24102.4,24188.3,24076.85
2.1.0,2026-08-28T13:54:40+05:30,24104.25,10.8,24104.25,24188.3,24076.85
2.1.0,2026-08-28T13:55:20+05:30,24102.45,10.92,24102.45,24188.3,24076.85
2.1.0,2026-08-28T13:55:39+05:30,24100.35,10.92,24100.35,24188.3,24076.85
2.1.0,2026-08-28T13:56:20+05:30,24098.45,10.95,24098.45,24188.3,24076.85
2.1.0,2026-08-28T13:56:40+05:30,24102.95,10.95,24102.95,24188.3,24076.85
2.1.0,2026-08-28T13:57:20+05:30,24103.85,10.96,24103.85,24188.3,24076.85
2.1.0,2026-08-28T13:57:40+05:30,24105.6,10.97,24105.6,24188.3,24076.85
2.1.0,2026-08-28T13:58:20+05:30,24106.75,10.95,24106.75,24188.3,24076.85
2.1.0,2026-08-28T13:58:40+05:30,24108.65,10.95,24108.65,24188.3,24076.85
2.1.0,2026-08-28T13:59:20+05:30,24110.9,10.96,24110.9,24188.3,24076.85
2.1.0,2026-08-28T13:59:39+05:30,24110.0,10.95,24110.0,24188.3,24076.85
2.1.0,2026-08-28T14:00:20+05:30,24110.2,10.95,24110.2,24188.3,24076.85
2.1.0,2026-08-28T14:00:39+05:30,24109.25,10.95,24109.25,24188.3,24076.85
2.1.0,2026-08-28T14:01:20+05:30,24109.15,10.94,24109.15,24188.3,24076.85
2.1.0,2026-08-28T14:01:39+05:30,24107.45,10.92,24107.45,24188.3,24076.85
2.1.0,2026-08-28T14:02:20+05:30,24109.95,10.95,24109.95,24188.3,24076.85
2.1.0,2026-08-28T14:02:39+05:30,24110.55,10.82,24110.55,24188.3,24076.85
2.1.0,2026-08-28T14:03:20+05:30,24109.55,10.82,24109.55,24188.3,24076.85
2.1.0,2026-08-28T14:03:40+05:30,24108.15,10.82,24108.15,24188.3,24076.85
2.1.0,2026-08-28T14:04:20+05:30,24105.05,10.8,24105.05,24188.3,24076.85
2.1.0,2026-08-28T14:04:39+05:30,24104.5,10.83,24104.5,24188.3,24076.85
2.1.0,2026-08-28T14:05:20+05:30,24103.2,10.79,24103.2,24188.3,24076.85
2.1.0,2026-08-28T14:05:40+05:30,24102.0,10.8,24102.0,24188.3,24076.85
2.1.0,2026-08-28T14:06:20+05:30,24101.7,10.8,24101.7,24188.3,24076.85
2.1.0,2026-08-28T14:06:40+05:30,24099.95,10.82,24099.95,24188.3,24076.85
2.1.0,2026-08-28T14:07:20+05:30,24100.85,10.8,24100.85,24188.3,24076.85
2.1.0,2026-08-28T14:07:40+05:30,24101.65,10.8,24101.65,24188.3,24076.85
2.1.0,2026-08-28T14:08:20+05:30,24104.05,10.79,24104.05,24188.3,24076.85
2.1.0,2026-08-28T14:08:40+05:30,24103.65,10.78,24103.65,24188.3,24076.85
2.1.0,2026-08-28T14:09:20+05:30,24103.4,10.8,24103.4,24188.3,24076.85
2.1.0,2026-08-28T14:09:40+05:30,24102.35,10.8,24102.35,24188.3,24076.85
2.1.0,2026-08-28T14:10:19+05:30,24105.35,10.79,24105.35,24188.3,24076.85
2.1.0,2026-08-28T14:10:40+05:30,24107.25,10.79,24107.25,24188.3,24076.85
2.1.0,2026-08-28T14:11:20+05:30,24110.15,10.77,24110.15,24188.3,24076.85
2.1.0,2026-08-28T14:11:40+05:30,24109.9,10.77,24109.9,24188.3,24076.85
2.1.0,2026-08-28T14:12:20+05:30,24111.05,10.78,24111.05,24188.3,24076.85
2.1.0,2026-08-28T14:12:40+05:30,24111.7,10.77,24111.7,24188.3,24076.85
2.1.0,2026-08-28T14:13:20+05:30,24109.0,10.82,24109.0,24188.3,24076.85
2.1.0,2026-08-28T14:13:40+05:30,24112.6,10.77,24112.6,24188.3,24076.85
2.1.0,2026-08-28T14:14:20+05:30,24110.5,10.78,24110.5,24188.3,24076.85
2.1.0,2026-08-28T14:14:40+05:30,24110.35,10.8,24110.35,24188.3,24076.85
2.1.0,2026-08-28T14:15:20+05:30,24111.6,10.78,24111.6,24188.3,24076.85
2.1.0,2026-08-28T14:15:40+05:30,24111.95,10.81,24111.95,24188.3,24076.85
2.1.0,2026-08-28T14:16:20+05:30,24110.0,10.82,24110.0,24188.3,24076.85
2.1.0,2026-08-28T14:16:40+05:30,24113.85,10.8,24113.85,24188.3,24076.85
2.1.0,2026-08-28T14:17:19+05:30,24114.9,10.79,24114.9,24188.3,24076.85
2.1.0,2026-08-28T14:17:40+05:30,24115.0,10.79,24115.0,24188.3,24076.85
2.1.0,2026-08-28T14:18:20+05:30,24119.15,10.82,24119.15,24188.3,24076.85
2.1.0,2026-08-28T14:18:40+05:30,24115.6,10.8,24115.6,24188.3,24076.85
2.1.0,2026-08-28T14:19:20+05:30,24112.7,10.79,24112.7,24188.3,24076.85
2.1.0,2026-08-28T14:19:40+05:30,24110.0,10.83,24110.0,24188.3,24076.85
2.1.0,2026-08-28T14:20:20+05:30,24111.25,10.8,24111.25,24188.3,24076.85
2.1.0,2026-08-28T14:20:39+05:30,24111.25,10.8,24111.25,24188.3,24076.85
2.1.0,2026-08-28T14:21:20+05:30,24111.95,10.82,24111.95,24188.3,24076.85
2.1.0,2026-08-28T14:21:39+05:30,24115.15,10.79,24115.15,24188.3,24076.85
2.1.0,2026-08-28T14:22:20+05:30,24112.0,10.82,24112.0,24188.3,24076.85
2.1.0,2026-08-28T14:22:40+05:30,24111.0,10.82,24111.0,24188.3,24076.85
2.1.0,2026-08-28T14:23:20+05:30,24110.0,10.82,24110.0,24188.3,24076.85
2.1.0,2026-08-28T14:23:40+05:30,24113.55,10.81,24113.55,24188.3,24076.85
2.1.0,2026-08-28T14:24:20+05:30,24113.55,10.82,24113.55,24188.3,24076.85
2.1.0,2026-08-28T14:24:40+05:30,24114.1,10.82,24114.1,24188.3,24076.85
2.1.0,2026-08-28T14:25:20+05:30,24115.35,10.81,24115.35,24188.3,24076.85
2.1.0,2026-08-28T14:25:39+05:30,24115.25,10.81,24115.25,24188.3,24076.85
2.1.0,2026-08-28T14:26:20+05:30,24114.6,10.81,24114.6,24188.3,24076.85
2.1.0,2026-08-28T14:26:40+05:30,24114.6,10.8,24114.6,24188.3,24076.85
2.1.0,2026-08-28T14:27:20+05:30,24114.85,10.81,24114.85,24188.3,24076.85
2.1.0,2026-08-28T14:27:40+05:30,24116.8,10.79,24116.8,24188.3,24076.85
2.1.0,2026-08-28T14:28:20+05:30,24115.85,10.81,24115.85,24188.3,24076.85
2.1.0,2026-08-28T14:28:40+05:30,24118.4,10.87,24118.4,24188.3,24076.85
2.1.0,2026-08-28T14:29:20+05:30,24118.3,10.86,24118.3,24188.3,24076.85
2.1.0,2026-08-28T14:29:40+05:30,24119.5,10.87,24119.5,24188.3,24076.85
2.1.0,2026-08-28T14:30:20+05:30,24121.3,10.92,24121.3,24188.3,24076.85
2.1.0,2026-08-28T14:30:40+05:30,24121.4,10.88,24121.4,24188.3,24076.85
2.1.0,2026-08-28T14:31:20+05:30,24121.2,10.89,24121.2,24188.3,24076.85
2.1.0,2026-08-28T14:31:40+05:30,24121.4,10.87,24121.4,24188.3,24076.85
2.1.0,2026-08-28T14:32:20+05:30,24116.75,10.87,24116.75,24188.3,24076.85
2.1.0,2026-08-28T14:32:39+05:30,24116.45,10.91,24116.45,24188.3,24076.85
2.1.0,2026-08-28T14:33:20+05:30,24114.3,10.87,24114.3,24188.3,24076.85
2.1.0,2026-08-28T14:33:40+05:30,24116.1,10.92,24116.1,24188.3,24076.85
2.1.0,2026-08-28T14:34:20+05:30,24118.8,10.93,24118.8,24188.3,24076.85
2.1.0,2026-08-28T14:34:40+05:30,24122.15,10.84,24122.15,24188.3,24076.85
2.1.0,2026-08-28T14:35:20+05:30,24118.9,10.83,24118.9,24188.3,24076.85
2.1.0,2026-08-28T14:35:40+05:30,24119.1,10.84,24119.1,24188.3,24076.85
2.1.0,2026-08-28T14:36:20+05:30,24119.65,10.82,24119.65,24188.3,24076.85
2.1.0,2026-08-28T14:36:40+05:30,24120.0,10.82,24120.0,24188.3,24076.85
2.1.0,2026-08-28T14:37:20+05:30,24120.25,10.79,24120.25,24188.3,24076.85
2.1.0,2026-08-28T14:37:40+05:30,24121.25,10.75,24121.25,24188.3,24076.85
2.1.0,2026-08-28T14:38:20+05:30,24119.55,10.77,24119.55,24188.3,24076.85
2.1.0,2026-08-28T14:38:39+05:30,24121.0,10.75,24121.0,24188.3,24076.85
2.1.0,2026-08-28T14:39:20+05:30,24119.45,10.8,24119.45,24188.3,24076.85
2.1.0,2026-08-28T14:39:40+05:30,24119.1,10.81,24119.1,24188.3,24076.85
2.1.0,2026-08-28T14:40:20+05:30,24118.05,10.86,24118.05,24188.3,24076.85
2.1.0,2026-08-28T14:40:39+05:30,24117.6,10.86,24117.6,24188.3,24076.85
2.1.0,2026-08-28T14:41:20+05:30,24116.4,10.86,24116.4,24188.3,24076.85
2.1.0,2026-08-28T14:41:40+05:30,24116.0,10.84,24116.0,24188.3,24076.85
2.1.0,2026-08-28T14:42:20+05:30,24114.2,10.87,24114.2,24188.3,24076.85
2.1.0,2026-08-28T14:42:39+05:30,24115.45,10.84,24115.45,24188.3,24076.85
2.1.0,2026-08-28T14:43:20+05:30,24116.95,10.86,24116.95,24188.3,24076.85
2.1.0,2026-08-28T14:43:39+05:30,24117.5,10.89,24117.5,24188.3,24076.85
2.1.0,2026-08-28T14:44:20+05:30,24119.15,10.89,24119.15,24188.3,24076.85
2.1.0,2026-08-28T14:44:39+05:30,24118.35,10.9,24118.35,24188.3,24076.85
2.1.0,2026-08-28T14:45:20+05:30,24118.4,10.92,24118.4,24188.3,24076.85
2.1.0,2026-08-28T14:45:40+05:30,24117.7,10.9,24117.7,24188.3,24076.85
2.1.0,2026-08-28T14:46:19+05:30,24115.25,10.89,24115.25,24188.3,24076.85
2.1.0,2026-08-28T14:46:39+05:30,24116.8,10.92,24116.8,24188.3,24076.85
2.1.0,2026-08-28T14:47:19+05:30,24114.85,10.91,24114.85,24188.3,24076.85
2.1.0,2026-08-28T14:47:40+05:30,24116.85,10.92,24116.85,24188.3,24076.85
2.1.0,2026-08-28T14:48:20+05:30,24120.75,10.91,24120.75,24188.3,24076.85
2.1.0,2026-08-28T14:48:40+05:30,24122.1,10.86,24122.1,24188.3,24076.85
2.1.0,2026-08-28T14:49:20+05:30,24124.7,10.81,24124.7,24188.3,24076.85
2.1.0,2026-08-28T14:49:40+05:30,24126.3,10.81,24126.3,24188.3,24076.85
2.1.0,2026-08-28T14:50:20+05:30,24125.85,10.81,24125.85,24188.3,24076.85
2.1.0,2026-08-28T14:50:40+05:30,24126.3,10.82,24126.3,24188.3,24076.85
2.1.0,2026-08-28T14:51:20+05:30,24135.8,10.8,24135.8,24188.3,24076.85
2.1.0,2026-08-28T14:51:40+05:30,24135.05,10.79,24135.05,24188.3,24076.85
2.1.0,2026-08-28T14:52:20+05:30,24132.9,10.82,24132.9,24188.3,24076.85
2.1.0,2026-08-28T14:52:40+05:30,24134.3,10.8,24134.3,24188.3,24076.85
2.1.0,2026-08-28T14:53:20+05:30,24137.75,10.81,24137.75,24188.3,24076.85
2.1.0,2026-08-28T14:53:39+05:30,24136.0,10.81,24136.0,24188.3,24076.85
2.1.0,2026-08-28T14:54:20+05:30,24136.45,10.82,24136.45,24188.3,24076.85
2.1.0,2026-08-28T14:54:40+05:30,24136.55,10.83,24136.55,24188.3,24076.85
2.1.0,2026-08-28T14:55:20+05:30,24139.55,10.83,24139.55,24188.3,24076.85
2.1.0,2026-08-28T14:55:40+05:30,24136.95,10.83,24136.95,24188.3,24076.85
2.1.0,2026-08-28T14:56:20+05:30,24133.9,10.82,24133.9,24188.3,24076.85
2.1.0,2026-08-28T14:56:40+05:30,24133.15,10.81,24133.15,24188.3,24076.85
2.1.0,2026-08-28T14:57:20+05:30,24131.75,10.81,24131.75,24188.3,24076.85
2.1.0,2026-08-28T14:57:39+05:30,24132.8,10.82,24132.8,24188.3,24076.85
2.1.0,2026-08-28T14:58:20+05:30,24131.65,10.79,24131.65,24188.3,24076.85
2.1.0,2026-08-28T14:58:40+05:30,24132.95,10.78,24132.95,24188.3,24076.85
2.1.0,2026-08-28T14:59:20+05:30,24131.4,10.8,24131.4,24188.3,24076.85
2.1.0,2026-08-28T14:59:40+05:30,24130.5,10.79,24130.5,24188.3,24076.85
2.1.0,2026-08-28T15:00:20+05:30,24124.25,10.81,24124.25,24188.3,24076.85
2.1.0,2026-08-28T15:00:40+05:30,24123.75,10.8,24123.75,24188.3,24076.85
2.1.0,2026-08-28T15:01:19+05:30,24120.4,10.83,24120.4,24188.3,24076.85
2.1.0,2026-08-28T15:01:39+05:30,24118.8,10.85,24118.8,24188.3,24076.85
2.1.0,2026-08-28T15:02:20+05:30,24114.2,10.89,24114.2,24188.3,24076.85
2.1.0,2026-08-28T15:02:40+05:30,24109.15,10.91,24109.15,24188.3,24076.85
2.1.0,2026-08-28T15:03:20+05:30,24110.15,10.9,24110.15,24188.3,24076.85
2.1.0,2026-08-28T15:03:39+05:30,24106.25,10.91,24106.25,24188.3,24076.85
2.1.0,2026-08-28T15:04:20+05:30,24110.35,10.94,24110.35,24188.3,24076.85
2.1.0,2026-08-28T15:04:39+05:30,24110.0,10.93,24110.0,24188.3,24076.85
2.1.0,2026-08-28T15:05:20+05:30,24110.1,10.93,24110.1,24188.3,24076.85
2.1.0,2026-08-28T15:05:40+05:30,24111.1,10.94,24111.1,24188.3,24076.85
2.1.0,2026-08-28T15:06:20+05:30,24110.6,10.92,24110.6,24188.3,24076.85
2.1.0,2026-08-28T15:06:40+05:30,24111.2,10.89,24111.2,24188.3,24076.85
2.1.0,2026-08-28T15:07:20+05:30,24112.1,10.9,24112.1,24188.3,24076.85
2.1.0,2026-08-28T15:07:40+05:30,24110.55,10.93,24110.55,24188.3,24076.85
2.1.0,2026-08-28T15:08:20+05:30,24113.65,10.89,24113.65,24188.3,24076.85
2.1.0,2026-08-28T15:08:40+05:30,24114.7,10.83,24114.7,24188.3,24076.85
2.1.0,2026-08-28T15:09:20+05:30,24123.65,10.78,24123.65,24188.3,24076.85
2.1.0,2026-08-28T15:09:39+05:30,24123.3,10.78,24123.3,24188.3,24076.85
2.1.0,2026-08-28T15:10:20+05:30,24123.8,10.81,24123.8,24188.3,24076.85
2.1.0,2026-08-28T15:10:40+05:30,24127.75,10.82,24127.75,24188.3,24076.85
2.1.0,2026-08-28T15:11:20+05:30,24124.7,10.82,24124.7,24188.3,24076.85
2.1.0,2026-08-28T15:11:39+05:30,24129.65,10.83,24129.65,24188.3,24076.85
2.1.0,2026-08-28T15:12:20+05:30,24154.75,10.8,24154.75,24188.3,24076.85
2.1.0,2026-08-28T15:12:40+05:30,24157.9,10.71,24157.9,24188.3,24076.85
2.1.0,2026-08-28T15:13:20+05:30,24148.85,10.74,24148.85,24188.3,24076.85
2.1.0,2026-08-28T15:13:40+05:30,24150.0,10.72,24150.0,24188.3,24076.85
2.1.0,2026-08-28T15:14:20+05:30,24149.8,10.79,24149.8,24188.3,24076.85
2.1.0,2026-08-28T15:14:40+05:30,24143.05,10.74,24143.05,24188.3,24076.85
2.1.0,2026-08-28T15:15:19+05:30,24142.45,10.66,24142.45,24188.3,24076.85
2.1.0,2026-08-28T15:15:40+05:30,24142.45,10.69,24142.45,24188.3,24076.85
2.1.0,2026-08-28T15:16:20+05:30,24142.45,10.72,24142.45,24188.3,24076.85
2.1.0,2026-08-28T15:16:40+05:30,24142.45,10.72,24142.45,24188.3,24076.85
2.1.0,2026-08-28T15:17:20+05:30,24142.45,10.72,24142.45,24188.3,24076.85
2.1.0,2026-08-28T15:17:39+05:30,24142.45,10.71,24142.45,24188.3,24076.85
2.1.0,2026-08-28T15:18:20+05:30,24142.45,10.79,24142.45,24188.3,24076.85
2.1.0,2026-08-28T15:18:40+05:30,24142.45,10.75,24142.45,24188.3,24076.85
2.1.0,2026-08-28T15:19:20+05:30,24142.45,10.75,24142.45,24188.3,24076.85
2.1.0,2026-08-28T15:19:40+05:30,24142.45,10.76,24142.45,24188.3,24076.85
2.1.0,2026-08-28T15:20:20+05:30,24142.45,10.71,24142.45,24188.3,24076.85
2.1.0,2026-08-28T15:20:40+05:30,24142.45,10.72,24142.45,24188.3,24076.85
2.1.0,2026-08-28T15:21:20+05:30,24142.45,10.69,24142.45,24188.3,24076.85
2.1.0,2026-08-28T15:21:40+05:30,24142.45,10.68,24142.45,24188.3,24076.85
2.1.0,2026-08-28T15:22:20+05:30,24142.45,10.68,24142.45,24188.3,24076.85
2.1.0,2026-08-28T15:22:40+05:30,24142.45,10.68,24142.45,24188.3,24076.85
2.1.0,2026-08-28T15:23:20+05:30,24142.45,10.69,24142.45,24188.3,24076.85
2.1.0,2026-08-28T15:23:39+05:30,24142.45,10.69,24142.45,24188.3,24076.85
2.1.0,2026-08-28T15:24:20+05:30,24142.45,10.73,24142.45,24188.3,24076.85
2.1.0,2026-08-28T15:24:40+05:30,24142.45,10.69,24142.45,24188.3,24076.85
2.1.0,2026-08-28T15:25:20+05:30,24142.45,10.67,24142.45,24188.3,24076.85
2.1.0,2026-08-28T15:25:40+05:30,24142.45,10.68,24142.45,24188.3,24076.85
2.1.0,2026-08-28T15:26:20+05:30,24142.45,10.66,24142.45,24188.3,24076.85
2.1.0,2026-08-28T15:26:40+05:30,24142.45,10.64,24142.45,24188.3,24076.85
2.1.0,2026-08-28T15:27:20+05:30,24142.45,10.67,24142.45,24188.3,24076.85
2.1.0,2026-08-28T15:27:40+05:30,24142.45,10.66,24142.45,24188.3,24076.85
2.1.0,2026-08-28T15:28:20+05:30,24142.45,10.53,24142.45,24188.3,24076.85
2.1.0,2026-08-28T15:28:40+05:30,24142.45,10.56,24142.45,24188.3,24076.85
2.1.0,2026-08-28T15:29:20+05:30,24175.65,10.62,24175.65,24188.3,24076.85
2.1.0,2026-08-28T15:29:40+05:30,24175.65,10.62,24175.65,24188.3,24076.85
