{"ts": "2026-08-30T20:04:36.422347", "event": "ENTRY_STARTED", "trade_id": "8042ab7b-9601-4860-8e51-5673bfbdc047", "strategy": "BULL_PUT_BEAR_CALL", "regime": "MILD_SELL_VOL", "legs": 4, "spot": 24204.276525346275, "vix": 12.0}
{"ts": "2026-08-30T20:04:36.433477", "event": "ENTRY_COMPLETE", "trade_id": "8042ab7b-9601-4860-8e51-5673bfbdc047", "strategy": "BULL_PUT_BEAR_CALL", "credit": 214.98, "debit": 207.77}
{"ts": "2026-08-30T20:04:36.598648", "event": "REGIME_CHANGE", "from_regime": "NEUTRAL", "to_regime": "MILD_SELL_VOL", "composite": 0.15}
{"ts": "2026-08-30T20:04:36.871498", "event": "RULE_A", "trade_id": "8042ab7b-9601-4860-8e51-5673bfbdc047"}
{"ts": "2026-08-30T20:04:36.872758", "event": "REGIME_CHANGE", "from_regime": "MILD_SELL_VOL", "to_regime": "STRONG_BUY_VOL", "composite": -0.5499999999999999}
{"ts": "2026-08-30T20:04:36.878254", "event": "TRADE_CLOSED", "trade_id": "8042ab7b-9601-4860-8e51-5673bfbdc047", "reason": "PROFIT_TARGET", "pnl_points": -1.89, "pnl_rupees": -8065.72}
{"ts": "2026-08-30T20:04:37.142373", "event": "REGIME_CHANGE", "from_regime": "STRONG_BUY_VOL", "to_regime": "MILD_SELL_VOL", "composite": 0.15}
{"ts": "2026-08-30T20:04:37.551887", "event": "REGIME_CHANGE", "from_regime": "MILD_SELL_VOL", "to_regime": "STRONG_SELL_VOL", "composite": 1.0}
{"ts": "2026-08-30T20:04:37.887261", "event": "REGIME_CHANGE", "from_regime": "STRONG_SELL_VOL", "to_regime": "MILD_SELL_VOL", "composite": 0.15}
{"ts": "2026-08-30T20:04:38.143444", "event": "REGIME_CHANGE", "from_regime": "MILD_SELL_VOL", "to_regime": "STRONG_BUY_VOL", "composite": -0.5499999999999999}
{"ts": "2026-08-30T20:04:38.389135", "event": "REGIME_CHANGE", "from_regime": "STRONG_BUY_VOL", "to_regime": "MILD_SELL_VOL", "composite": 0.3}
{"ts": "2026-08-30T20:04:38.897605", "event": "REGIME_CHANGE", "from_regime": "MILD_SELL_VOL", "to_regime": "STRONG_SELL_VOL", "composite": 1.0}
{"ts": "2026-08-30T20:04:39.153655", "event": "REGIME_CHANGE", "from_regime": "STRONG_SELL_VOL", "to_regime": "MILD_SELL_VOL", "composite": 0.15}
{"ts": "2026-08-30T20:04:39.404858", "event": "REGIME_CHANGE", "from_regime": "MILD_SELL_VOL", "to_regime": "STRONG_BUY_VOL", "composite": -0.5499999999999999}
{"ts": "2026-08-30T20:04:39.656483", "event": "REGIME_CHANGE", "from_regime": "STRONG_BUY_VOL", "to_regime": "MILD_SELL_VOL", "composite": 0.3}
{"ts": "2026-08-30T20:04:39.993767", "event": "REGIME_CHANGE", "from_regime": "MILD_SELL_VOL", "to_regime": "STRONG_SELL_VOL", "composite": 0.55}
{"ts": "2026-08-30T20:04:40.497471", "event": "REGIME_CHANGE", "from_regime": "STRONG_SELL_VOL", "to_regime": "MILD_SELL_VOL", "composite": 0.15}
{"ts": "2026-08-30T20:04:40.744576", "event": "REGIME_CHANGE", "from_regime": "MILD_SELL_VOL", "to_regime": "STRONG_BUY_VOL", "composite": -0.5499999999999999}
{"ts": "2026-08-30T20:04:40.995780", "event": "REGIME_CHANGE", "from_regime": "STRONG_BUY_VOL", "to_regime": "MILD_SELL_VOL", "composite": 0.3}
{"ts": "2026-08-30T20:04:41.241397", "event": "REGIME_CHANGE", "from_regime": "MILD_SELL_VOL", "to_regime": "STRONG_SELL_VOL", "composite": 0.7000000000000001}
{"ts": "2026-08-30T20:04:41.748871", "event": "REGIME_CHANGE", "from_regime": "STRONG_SELL_VOL", "to_regime": "MILD_SELL_VOL", "composite": 0.15}
{"ts": "2026-08-30T20:04:42.005119", "event": "TRANSITION_SKIPPED", "reason": "after 14:45 IST (Rule E)"}
{"ts": "2026-08-30T20:04:42.005810", "event": "REGIME_CHANGE", "from_regime": "MILD_SELL_VOL", "to_regime": "STRONG_BUY_VOL", "composite": -0.5499999999999999}
{"ts": "2026-08-30T20:04:42.257909", "event": "TRANSITION_SKIPPED", "reason": "after 14:45 IST (Rule E)"}
{"ts": "2026-08-30T20:04:42.258585", "event": "REGIME_CHANGE", "from_regime": "STRONG_BUY_VOL", "to_regime": "MILD_SELL_VOL", "composite": 0.3}
{"ts": "2026-08-30T20:04:42.489303", "event": "REGIME_CHANGE", "from_regime": "MILD_SELL_VOL", "to_regime": "STRONG_SELL_VOL", "composite": 0.7000000000000001}
{"ts": "2026-08-30T20:04:42.493462", "event": "ENTRY_STARTED", "trade_id": "098bf529-3487-4f37-ad27-05cb57e649a8", "strategy": "ATM_STRADDLE_45D", "regime": "STRONG_SELL_VOL", "legs": 2, "spot": 24370.86931211839, "vix": 11.2}
{"ts": "2026-08-30T20:04:42.498863", "event": "ENTRY_COMPLETE", "trade_id": "098bf529-3487-4f37-ad27-05cb57e649a8", "strategy": "ATM_STRADDLE_45D", "credit": 850.83, "debit": 0}
{"ts": "2026-08-30T20:04:42.991262", "event": "RULE_B", "trade_id": "098bf529-3487-4f37-ad27-05cb57e649a8"}
{"ts": "2026-08-30T20:04:42.992199", "event": "REGIME_CHANGE", "from_regime": "STRONG_SELL_VOL", "to_regime": "MILD_SELL_VOL", "composite": 0.15}
{"ts": "2026-08-30T20:04:43.266700", "event": "TRADE_CLOSED", "trade_id": "098bf529-3487-4f37-ad27-05cb57e649a8", "reason": "REGIME_CHANGE", "pnl_points": 3.21, "pnl_rupees": 13517.57}
{"ts": "2026-08-30T20:04:43.267414", "event": "RULE_A", "trade_id": "098bf529-3487-4f37-ad27-05cb57e649a8"}
{"ts": "2026-08-30T20:04:43.268094", "event": "REGIME_CHANGE", "from_regime": "MILD_SELL_VOL", "to_regime": "STRONG_BUY_VOL", "composite": -0.5499999999999999}
{"ts": "2026-08-30T20:04:43.518907", "event": "REGIME_CHANGE", "from_regime": "STRONG_BUY_VOL", "to_regime": "MILD_SELL_VOL", "composite": 0.3}
{"ts": "2026-08-30T20:04:44.028772", "event": "REGIME_CHANGE", "from_regime": "MILD_SELL_VOL", "to_regime": "STRONG_SELL_VOL", "composite": 1.0}
{"ts": "2026-08-30T20:04:44.292983", "event": "REGIME_CHANGE", "from_regime": "STRONG_SELL_VOL", "to_regime": "MILD_SELL_VOL", "composite": 0.15}
{"ts": "2026-08-30T20:04:44.691911", "event": "REGIME_CHANGE", "from_regime": "MILD_SELL_VOL", "to_regime": "STRONG_BUY_VOL", "composite": -0.5499999999999999}
{"ts": "2026-08-30T20:04:44.945132", "event": "REGIME_CHANGE", "from_regime": "STRONG_BUY_VOL", "to_regime": "MILD_SELL_VOL", "composite": 0.3}
{"ts": "2026-08-30T20:04:45.214034", "event": "REGIME_CHANGE", "from_regime": "MILD_SELL_VOL", "to_regime": "STRONG_SELL_VOL", "composite": 0.7000000000000001}
{"ts": "2026-08-30T20:04:45.717291", "event": "REGIME_CHANGE", "from_regime": "STRONG_SELL_VOL", "to_regime": "MILD_SELL_VOL", "composite": 0.15}
{"ts": "2026-08-30T20:04:45.964363", "event": "REGIME_CHANGE", "from_regime": "MILD_SELL_VOL", "to_regime": "STRONG_BUY_VOL", "composite": -0.5499999999999999}
{"ts": "2026-08-30T20:04:46.224969", "event": "REGIME_CHANGE", "from_regime": "STRONG_BUY_VOL", "to_regime": "MILD_SELL_VOL", "composite": 0.3}
{"ts": "2026-08-30T20:04:46.472829", "event": "REGIME_CHANGE", "from_regime": "MILD_SELL_VOL", "to_regime": "STRONG_SELL_VOL", "composite": 0.55}
{"ts": "2026-08-30T20:04:46.982452", "event": "REGIME_CHANGE", "from_regime": "STRONG_SELL_VOL", "to_regime": "MILD_SELL_VOL", "composite": 0.15}
{"ts": "2026-08-30T20:04:47.239122", "event": "REGIME_CHANGE", "from_regime": "MILD_SELL_VOL", "to_regime": "STRONG_BUY_VOL", "composite": -0.5499999999999999}
{"ts": "2026-08-30T20:04:47.485368", "event": "REGIME_CHANGE", "from_regime": "STRONG_BUY_VOL", "to_regime": "MILD_SELL_VOL", "composite": 0.3}
{"ts": "2026-08-30T20:04:47.743649", "event": "REGIME_CHANGE", "from_regime": "MILD_SELL_VOL", "to_regime": "STRONG_SELL_VOL", "composite": 0.55}
{"ts": "2026-08-30T20:04:48.251517", "event": "TRANSITION_SKIPPED", "reason": "after 14:45 IST (Rule E)"}
{"ts": "2026-08-30T20:04:48.252224", "event": "REGIME_CHANGE", "from_regime": "STRONG_SELL_VOL", "to_regime": "MILD_SELL_VOL", "composite": 0.15}
{"ts": "2026-08-30T20:04:48.495685", "event": "TRANSITION_SKIPPED", "reason": "after 14:45 IST (Rule E)"}
{"ts": "2026-08-30T20:04:48.496487", "event": "REGIME_CHANGE", "from_regime": "MILD_SELL_VOL", "to_regime": "STRONG_BUY_VOL", "composite": -0.5499999999999999}
{"ts": "2026-08-30T20:04:48.747152", "event": "REGIME_CHANGE", "from_regime": "STRONG_BUY_VOL", "to_regime": "MILD_SELL_VOL", "composite": 0.3}
{"ts": "2026-08-30T20:04:48.988609", "event": "ENTRY_STARTED", "trade_id": "1cde57f7-4aa5-469f-ae28-057fb45e174b", "strategy": "ATM_STRADDLE_45D", "regime": "STRONG_SELL_VOL", "legs": 2, "spot": 24378.8943730109, "vix": 11.2}
{"ts": "2026-08-30T20:04:48.995634", "event": "ENTRY_COMPLETE", "trade_id": "1cde57f7-4aa5-469f-ae28-057fb45e174b", "strategy": "ATM_STRADDLE_45D", "credit": 849.8, "debit": 0}
{"ts": "2026-08-30T20:04:49.155195", "event": "REGIME_CHANGE", "from_regime": "MILD_SELL_VOL", "to_regime": "STRONG_SELL_VOL", "composite": 1.0}
{"ts": "2026-08-30T20:04:49.488609", "event": "RULE_B", "trade_id": "1cde57f7-4aa5-469f-ae28-057fb45e174b"}
{"ts": "2026-08-30T20:04:49.489303", "event": "REGIME_CHANGE", "from_regime": "STRONG_SELL_VOL", "to_regime": "MILD_SELL_VOL", "composite": 0.15}
{"ts": "2026-08-30T20:04:49.744957", "event": "TRADE_CLOSED", "trade_id": "1cde57f7-4aa5-469f-ae28-057fb45e174b", "reason": "REGIME_CHANGE", "pnl_points": 3.12, "pnl_rupees": 13147.72}
{"ts": "2026-08-30T20:04:49.745678", "event": "RULE_A", "trade_id": "1cde57f7-4aa5-469f-ae28-057fb45e174b"}
{"ts": "2026-08-30T20:04:49.746203", "event": "REGIME_CHANGE", "from_regime": "MILD_SELL_VOL", "to_regime": "STRONG_BUY_VOL", "composite": -0.5499999999999999}
{"ts": "2026-08-30T20:04:49.917929", "event": "SHUTDOWN", "signal": 2}
