trade_id,strategy_name,regime_at_entry,regime_at_exit,entry_timestamp,exit_timestamp,holding_days,entry_spot,exit_spot,entry_vix,exit_vix,legs_summary,total_credit_received,total_debit_paid,net_premium,max_risk,realized_pnl,transaction_costs,net_pnl,realized_pnl_percent,exit_reason,slippage_total_points,composite_score_at_entry,vol_score,edge_score,trend_score,flow_score,days_to_expiry_at_entry,expiry_date,paper_trade
24d483c9-561c-4daf-9f4e-130a8a8f49ae,CREDIT_SPREADS_030,MILD_SELL_VOL,BUY_VOL,2026-09-01T09:47:13.405447+05:30,2026-09-01T10:23:24.171550+05:30,0,24015.5,24058.55,11.19,10.93,"[{""instrument_key"": ""NSE_FO|42628"", ""side"": ""BUY"", ""qty"": 6, ""entry_price"": 28.8, ""exit_price"": 21.700000000000003, ""option_type"": ""put"", ""strike"": 23700.0, ""expiry"": ""2026-09-08"", ""order_tag"": ""paper_PAPER_78a46195""}, {""instrument_key"": ""NSE_FO|42657"", ""side"": ""BUY"", ""qty"": 6, ""entry_price"": 29.900000000000002, ""exit_price"": 26.6, ""option_type"": ""call"", ""strike"": 24400.0, ""expiry"": ""2026-09-08"", ""order_tag"": ""paper_PAPER_c27c6c80""}, {""instrument_key"": ""NSE_FO|42636"", ""side"": ""SELL"", ""qty"": 6, ""entry_price"": 64.55, ""exit_price"": 58.650000000000006, ""option_type"": ""put"", ""strike"": 23900.0, ""expiry"": ""2026-09-08"", ""order_tag"": ""paper_PAPER_01484800""}, {""instrument_key"": ""NSE_FO|42649"", ""side"": ""SELL"", ""qty"": 6, ""entry_price"": 60.0, ""exit_price"": 64.55, ""option_type"": ""call"", ""strike"": 24250.0, ""expiry"": ""2026-09-08"", ""order_tag"": ""paper_PAPER_fc62605c""}, {""instrument_key"": ""NSE_FO|42626"", ""side"": ""BUY"", ""qty"": 6, ""entry_price"": 20.1, ""exit_price"": 16.85, ""option_type"": ""put"", ""strike"": 23650.0, ""expiry"": ""2026-09-08"", ""order_tag"": ""paper_PAPER_b5267340""}, {""instrument_key"": ""NSE_FO|42661"", ""side"": ""BUY"", ""qty"": 6, ""entry_price"": 17.75, ""exit_price"": 14.55, ""option_type"": ""call"", ""strike"": 24500.0, ""expiry"": ""2026-09-08"", ""order_tag"": ""paper_PAPER_6427a6fd""}]",747.3,352.20000000000005,395.0999999999999,50037.0,-6045.000000000001,474.76,-6519.760000000001,-13.029877890361135,PROFIT_TARGET,10.0,0.15,0.0,0.0,0.0,1.0,7,2026-09-08,True
913f25c6-890d-415c-a859-19789afd3793,CREDIT_SPREADS_030,MILD_SELL_VOL,BUY_VOL,2026-09-01T09:48:13.607745+05:30,2026-09-01T10:23:25.386477+05:30,0,24016.35,24058.55,11.2,10.93,"[{""instrument_key"": ""NSE_FO|47302"", ""side"": ""BUY"", ""qty"": 6, ""entry_price"": 41.900000000000006, ""exit_price"": 36.0, ""option_type"": ""put"", ""strike"": 23600.0, ""expiry"": ""2026-09-15"", ""order_tag"": ""paper_PAPER_11870095""}, {""instrument_key"": ""NSE_FO|47345"", ""side"": ""BUY"", ""qty"": 6, ""entry_price"": 34.9, ""exit_price"": 31.8, ""option_type"": ""call"", ""strike"": 24600.0, ""expiry"": ""2026-09-15"", ""order_tag"": ""paper_PAPER_992bdbb7""}, {""instrument_key"": ""NSE_FO|47312"", ""side"": ""SELL"", ""qty"": 6, ""entry_price"": 85.75, ""exit_price"": 81.65, ""option_type"": ""put"", ""strike"": 23850.0, ""expiry"": ""2026-09-15"", ""order_tag"": ""paper_PAPER_1e5a45ba""}, {""instrument_key"": ""NSE_FO|47333"", ""side"": ""SELL"", ""qty"": 6, ""entry_price"": 83.80000000000001, ""exit_price"": 87.05000000000001, ""option_type"": ""call"", ""strike"": 24350.0, ""expiry"": ""2026-09-15"", ""order_tag"": ""paper_PAPER_1c1e81ea""}, {""instrument_key"": ""NSE_FO|47298"", ""side"": ""BUY"", ""qty"": 6, ""entry_price"": 30.3, ""exit_price"": 26.8, ""option_type"": ""put"", ""strike"": 23500.0, ""expiry"": ""2026-09-15"", ""order_tag"": ""paper_PAPER_12d741ef""}, {""instrument_key"": ""NSE_FO|47349"", ""side"": ""BUY"", ""qty"": 6, ""entry_price"": 24.400000000000002, ""exit_price"": 21.25, ""option_type"": ""call"", ""strike"": 24700.0, ""expiry"": ""2026-09-15"", ""order_tag"": ""paper_PAPER_e385bfca""}]",1017.3000000000001,460.8,556.5,58968.0,-5772.000000000005,549.67,-6321.670000000005,-10.72050942884277,PROFIT_TARGET,10.0,0.15,0.0,0.0,0.0,1.0,14,2026-09-15,True
1a9d8be6-4f38-4a77-9b52-e6dd895682b6,LONG_PUT_BUTTERFLY,BUY_VOL,BUY_VOL,2026-09-01T10:23:26.255368+05:30,2026-09-01T10:24:24.364951+05:30,0,24058.55,24055.5,10.93,10.94,"[{""instrument_key"": ""NSE_FO|42636"", ""side"": ""BUY"", ""qty"": 3, ""entry_price"": 58.650000000000006, ""exit_price"": 56.400000000000006, ""option_type"": ""put"", ""strike"": 23900, ""expiry"": ""2026-09-08"", ""order_tag"": ""paper_PAPER_00a6bb79""}, {""instrument_key"": ""NSE_FO|42644"", ""side"": ""BUY"", ""qty"": 3, ""entry_price"": 132.25, ""exit_price"": 130.75, ""option_type"": ""put"", ""strike"": 24100, ""expiry"": ""2026-09-08"", ""order_tag"": ""paper_PAPER_0464201a""}, {""instrument_key"": ""NSE_FO|42640"", ""side"": ""SELL"", ""qty"": 3, ""entry_price"": 86.9, ""exit_price"": 91.0, ""option_type"": ""put"", ""strike"": 24000, ""expiry"": ""2026-09-08"", ""order_tag"": ""paper_PAPER_e27916c2""}, {""instrument_key"": ""NSE_FO|42640"", ""side"": ""SELL"", ""qty"": 3, ""entry_price"": 86.9, ""exit_price"": 91.0, ""option_type"": ""put"", ""strike"": 24000, ""expiry"": ""2026-09-08"", ""order_tag"": ""paper_PAPER_bf456eb3""}]",521.4000000000001,572.7,-51.299999999999955,2057.250000000002,-2330.2499999999977,356.71,-2686.9599999999978,-130.6093085429576,PROFIT_TARGET,6.0,-0.15,0.0,0.0,0.0,-1.0,7,2026-09-08,True
e37952e1-dac4-495b-93b8-a5f197cf7704,LONG_PUT_BUTTERFLY,BUY_VOL,BUY_VOL,2026-09-01T10:24:25.230171+05:30,2026-09-01T10:25:24.180826+05:30,0,24055.5,24056.5,10.94,10.94,"[{""instrument_key"": ""NSE_FO|42636"", ""side"": ""BUY"", ""qty"": 3, ""entry_price"": 59.400000000000006, ""exit_price"": 57.0, ""option_type"": ""put"", ""strike"": 23900, ""expiry"": ""2026-09-08"", ""order_tag"": ""paper_PAPER_524e6bfa""}, {""instrument_key"": ""NSE_FO|42644"", ""side"": ""BUY"", ""qty"": 3, ""entry_price"": 133.75, ""exit_price"": 131.70000000000002, ""option_type"": ""put"", ""strike"": 24100, ""expiry"": ""2026-09-08"", ""order_tag"": ""paper_PAPER_4e05b9c9""}, {""instrument_key"": ""NSE_FO|42640"", ""side"": ""SELL"", ""qty"": 3, ""entry_price"": 88.0, ""exit_price"": 91.80000000000001, ""option_type"": ""put"", ""strike"": 24000, ""expiry"": ""2026-09-08"", ""order_tag"": ""paper_PAPER_869f27de""}, {""instrument_key"": ""NSE_FO|42640"", ""side"": ""SELL"", ""qty"": 3, ""entry_price"": 88.0, ""exit_price"": 91.80000000000001, ""option_type"": ""put"", ""strike"": 24000, ""expiry"": ""2026-09-08"", ""order_tag"": ""paper_PAPER_69e2284a""}]",528.0,579.45,-51.450000000000045,2242.4999999999945,-2349.7500000000023,358.45,-2708.200000000002,-120.7670011148276,PROFIT_TARGET,6.0,-0.15,0.0,0.0,0.0,-1.0,7,2026-09-08,True
91ce298f-46c6-44ea-ac71-08623d989686,LONG_PUT_BUTTERFLY,BUY_VOL,BUY_VOL,2026-09-01T10:25:25.053431+05:30,2026-09-01T10:26:25.104189+05:30,0,24056.5,24059.25,10.94,10.94,"[{""instrument_key"": ""NSE_FO|42636"", ""side"": ""BUY"", ""qty"": 3, ""entry_price"": 60.0, ""exit_price"": 56.0, ""option_type"": ""put"", ""strike"": 23900, ""expiry"": ""2026-09-08"", ""order_tag"": ""paper_PAPER_65b77380""}, {""instrument_key"": ""NSE_FO|42644"", ""side"": ""BUY"", ""qty"": 3, ""entry_price"": 134.70000000000002, ""exit_price"": 130.65, ""option_type"": ""put"", ""strike"": 24100, ""expiry"": ""2026-09-08"", ""order_tag"": ""paper_PAPER_12435fbc""}, {""instrument_key"": ""NSE_FO|42640"", ""side"": ""SELL"", ""qty"": 3, ""entry_price"": 88.80000000000001, ""exit_price"": 90.5, ""option_type"": ""put"", ""strike"": 24000, ""expiry"": ""2026-09-08"", ""order_tag"": ""paper_PAPER_398123b9""}, {""instrument_key"": ""NSE_FO|42640"", ""side"": ""SELL"", ""qty"": 3, ""entry_price"": 88.80000000000001, ""exit_price"": 90.5, ""option_type"": ""put"", ""strike"": 24000, ""expiry"": ""2026-09-08"", ""order_tag"": ""paper_PAPER_5418a335""}]",532.8000000000001,584.1,-51.299999999999955,2164.499999999993,-2232.7499999999977,358.19,-2590.939999999998,-119.70154770154797,PROFIT_TARGET,6.0,-0.15,0.0,0.0,0.0,-1.0,7,2026-09-08,True
77e7412a-bdeb-4e1a-9ed3-626a8266762f,LONG_PUT_BUTTERFLY,BUY_VOL,NEUTRAL,2026-09-01T10:26:25.948258+05:30,2026-09-01T10:27:25.966981+05:30,0,24059.25,24063.1,10.94,10.94,"[{""instrument_key"": ""NSE_FO|42636"", ""side"": ""BUY"", ""qty"": 3, ""entry_price"": 59.0, ""exit_price"": 54.95, ""option_type"": ""put"", ""strike"": 23900, ""expiry"": ""2026-09-08"", ""order_tag"": ""paper_PAPER_a7f1a924""}, {""instrument_key"": ""NSE_FO|42644"", ""side"": ""BUY"", ""qty"": 3, ""entry_price"": 133.65, ""exit_price"": 128.9, ""option_type"": ""put"", ""strike"": 24100, ""expiry"": ""2026-09-08"", ""order_tag"": ""paper_PAPER_b3d81721""}, {""instrument_key"": ""NSE_FO|42640"", ""side"": ""SELL"", ""qty"": 3, ""entry_price"": 87.5, ""exit_price"": 89.30000000000001, ""option_type"": ""put"", ""strike"": 24000, ""expiry"": ""2026-09-08"", ""order_tag"": ""paper_PAPER_15c88b40""}, {""instrument_key"": ""NSE_FO|42640"", ""side"": ""SELL"", ""qty"": 3, ""entry_price"": 87.5, ""exit_price"": 89.30000000000001, ""option_type"": ""put"", ""strike"": 24000, ""expiry"": ""2026-09-08"", ""order_tag"": ""paper_PAPER_a0274198""}]",525.0,577.95,-52.950000000000045,2154.750000000002,-2418.000000000004,355.78,-2773.7800000000043,-128.72862281007087,PROFIT_TARGET,6.0,-0.15,0.0,0.0,0.0,-1.0,7,2026-09-08,True
1ddc1967-a052-4218-b684-f4fb90547bd0,LONG_PUT_BUTTERFLY,BUY_VOL,BUY_VOL,2026-09-01T10:35:28.723644+05:30,2026-09-01T10:36:29.579077+05:30,0,24063.25,24060.6,11.04,11.01,"[{""instrument_key"": ""NSE_FO|42636"", ""side"": ""BUY"", ""qty"": 3, ""entry_price"": 57.1, ""exit_price"": 55.2, ""option_type"": ""put"", ""strike"": 23900, ""expiry"": ""2026-09-08"", ""order_tag"": ""paper_PAPER_7646518c""}, {""instrument_key"": ""NSE_FO|42644"", ""side"": ""BUY"", ""qty"": 3, ""entry_price"": 130.95000000000002, ""exit_price"": 129.15, ""option_type"": ""put"", ""strike"": 24100, ""expiry"": ""2026-09-08"", ""order_tag"": ""paper_PAPER_f655e684""}, {""instrument_key"": ""NSE_FO|42640"", ""side"": ""SELL"", ""qty"": 3, ""entry_price"": 85.5, ""exit_price"": 89.55000000000001, ""option_type"": ""put"", ""strike"": 24000, ""expiry"": ""2026-09-08"", ""order_tag"": ""paper_PAPER_b01dd097""}, {""instrument_key"": ""NSE_FO|42640"", ""side"": ""SELL"", ""qty"": 3, ""entry_price"": 85.5, ""exit_price"": 89.55000000000001, ""option_type"": ""put"", ""strike"": 24000, ""expiry"": ""2026-09-08"", ""order_tag"": ""paper_PAPER_ca7a98d6""}]",513.0,564.1500000000001,-51.15000000000009,2213.249999999999,-2301.0000000000064,354.11,-2655.1100000000065,-119.96430588501109,PROFIT_TARGET,6.0,-0.15,0.0,0.0,0.0,-1.0,7,2026-09-08,True
5093a832-72a8-4461-9e3c-dc8673fe4c06,LONG_PUT_BUTTERFLY,BUY_VOL,BUY_VOL,2026-09-01T10:36:30.452235+05:30,2026-09-01T10:37:30.423447+05:30,0,24060.6,24069.8,11.01,11.04,"[{""instrument_key"": ""NSE_FO|42636"", ""side"": ""BUY"", ""qty"": 3, ""entry_price"": 58.2, ""exit_price"": 53.400000000000006, ""option_type"": ""put"", ""strike"": 23900, ""expiry"": ""2026-09-08"", ""order_tag"": ""paper_PAPER_c53595f5""}, {""instrument_key"": ""NSE_FO|42644"", ""side"": ""BUY"", ""qty"": 3, ""entry_price"": 132.15, ""exit_price"": 125.45, ""option_type"": ""put"", ""strike"": 24100, ""expiry"": ""2026-09-08"", ""order_tag"": ""paper_PAPER_dda8db37""}, {""instrument_key"": ""NSE_FO|42640"", ""side"": ""SELL"", ""qty"": 3, ""entry_price"": 86.55000000000001, ""exit_price"": 86.95, ""option_type"": ""put"", ""strike"": 24000, ""expiry"": ""2026-09-08"", ""order_tag"": ""paper_PAPER_33e2c30e""}, {""instrument_key"": ""NSE_FO|42640"", ""side"": ""SELL"", ""qty"": 3, ""entry_price"": 86.55000000000001, ""exit_price"": 86.95, ""option_type"": ""put"", ""strike"": 24000, ""expiry"": ""2026-09-08"", ""order_tag"": ""paper_PAPER_dd728203""}]",519.3000000000001,571.0500000000001,-51.75,2223.000000000001,-2398.4999999999964,352.58,-2751.0799999999963,-123.75528565002227,PROFIT_TARGET,6.0,-0.15,0.0,0.0,0.0,-1.0,7,2026-09-08,True
4c2ecb97-4d20-4222-8be0-f8837a0974c0,LONG_PUT_BUTTERFLY,BUY_VOL,BUY_VOL,2026-09-01T10:37:31.277937+05:30,2026-09-01T10:38:31.561219+05:30,0,24069.8,24069.3,11.04,11.03,"[{""instrument_key"": ""NSE_FO|42636"", ""side"": ""BUY"", ""qty"": 3, ""entry_price"": 56.400000000000006, ""exit_price"": 53.5, ""option_type"": ""put"", ""strike"": 23900, ""expiry"": ""2026-09-08"", ""order_tag"": ""paper_PAPER_764a1700""}, {""instrument_key"": ""NSE_FO|42644"", ""side"": ""BUY"", ""qty"": 3, ""entry_price"": 128.45000000000002, ""exit_price"": 125.7, ""option_type"": ""put"", ""strike"": 24100, ""expiry"": ""2026-09-08"", ""order_tag"": ""paper_PAPER_02636424""}, {""instrument_key"": ""NSE_FO|42640"", ""side"": ""SELL"", ""qty"": 3, ""entry_price"": 83.95, ""exit_price"": 87.15, ""option_type"": ""put"", ""strike"": 24000, ""expiry"": ""2026-09-08"", ""order_tag"": ""paper_PAPER_97d91694""}, {""instrument_key"": ""NSE_FO|42640"", ""side"": ""SELL"", ""qty"": 3, ""entry_price"": 83.95, ""exit_price"": 87.15, ""option_type"": ""put"", ""strike"": 24000, ""expiry"": ""2026-09-08"", ""order_tag"": ""paper_PAPER_d17169e9""}]",503.70000000000005,554.5500000000001,-50.85000000000002,2193.7499999999945,-2349.750000000005,350.31,-2700.060000000005,-123.07965811965865,PROFIT_TARGET,6.0,-0.15,0.0,0.0,0.0,-1.0,7,2026-09-08,True
