Symbol,Close,R21,R63,R126,R252,RAM21,RAM63,RAM126,RAM252,Rank21,Rank63,Rank126,Rank252,MR21,MR63,MR126,MR252,POS_COUNT,FINAL_SCREEN_RANK,ELIGIBLE,INELIGIBLE_REASON,MISSING_DAYS,FIRST_DATE,LAST_DATE,N_ROWS,SUSPECT_CORP_ACTION,instrument_key,Vol21,TS21,TS21_POS,B21,Vol63,TS63,TS63_POS,B63,Vol126,TS126,TS126_POS,B126,Vol252,TS252,TS252_POS,B252,MARKET_OUTPERFORMER,STRONG_TREND,STRONG_XS_MOMENTUM,VERY_STRONG_MOMENTUM,CORE_QUALIFIER,FINAL_QUALIFIER,pct_MR252,pct_MR126,pct_RAM252,PROVISIONAL
RELIANCE,1226.40,-0.064531,-0.063459,-0.120923,-0.113424,-0.379486,-0.345714,-0.548765,-0.541827,12.36,37.08,13.48,25.84,-0.041199,-0.050339,-0.183334,-0.102079,0,20.22,True,,0,2025-03-18,2026-09-18,373,False,NSE_EQ|INE002A01018,0.170048,-0.064531,False,-0.023332,0.183560,-0.063459,False,-0.013120,0.220355,-0.120923,False,0.062410,0.209337,-0.113424,False,-0.011345,False,False,False,False,False,False,25.84,13.48,22.47,False
HDFCBANK,731.00,0.015278,-0.062580,-0.130383,-0.244679,0.073009,-0.294442,-0.488445,-1.141024,80.90,38.20,11.24,14.61,0.038610,-0.049460,-0.192794,-0.233334,1,12.13,True,,0,2025-03-18,2026-09-18,373,False,NSE_EQ|INE040A01034,0.209259,0.015278,True,-0.023332,0.212538,-0.062580,False,-0.013120,0.266935,-0.130383,False,0.062410,0.214438,-0.244679,False,-0.011345,False,False,False,False,False,False,14.61,11.24,8.99,False
ICICIBANK,1338.90,-0.045007,-0.005644,0.051850,-0.044735,-0.277266,-0.033614,0.249818,-0.230798,32.58,61.80,52.81,35.96,-0.021675,0.007476,-0.010560,-0.033390,1,42.47,True,,0,2025-03-18,2026-09-18,373,False,NSE_EQ|INE090A01021,0.162325,-0.045007,False,-0.023332,0.167915,-0.005644,False,-0.013120,0.207551,0.051850,True,0.062410,0.193826,-0.044735,False,-0.011345,False,False,False,False,False,False,35.96,52.81,34.83,False
SBIN,996.20,-0.049971,-0.037581,-0.066092,0.209494,-0.259322,-0.192897,-0.265826,0.878966,29.21,46.07,28.09,77.53,-0.026639,-0.024461,-0.128502,0.220839,1,58.65,True,,0,2025-03-18,2026-09-18,373,False,NSE_EQ|INE062A01020,0.192700,-0.049971,False,-0.023332,0.194824,-0.037581,False,-0.013120,0.248628,-0.066092,False,0.062410,0.238342,0.209494,True,-0.011345,False,False,False,False,False,False,77.53,28.09,82.02,False
AXISBANK,1257.00,0.017814,-0.074306,0.034823,0.155968,0.083435,-0.341971,0.136517,0.645674,83.15,29.21,49.44,71.91,0.041146,-0.061186,-0.027587,0.167313,3,63.15,True,,0,2025-03-18,2026-09-18,373,False,NSE_EQ|INE238A01034,0.213505,0.017814,True,-0.023332,0.217287,-0.074306,False,-0.013120,0.255085,0.034823,True,0.062410,0.241559,0.155968,True,-0.011345,False,True,False,False,False,False,71.91,49.44,73.03,False
KOTAKBANK,412.50,0.057015,0.033187,0.115317,0.045627,0.269337,0.150163,0.503697,0.215302,95.51,75.28,64.04,53.93,0.080347,0.046307,0.052907,0.056972,4,58.20,True,,0,2025-03-18,2026-09-18,373,False,NSE_EQ|INE237A01036,0.211686,0.057015,True,-0.023332,0.221007,0.033187,True,-0.013120,0.228941,0.115317,True,0.062410,0.211922,0.045627,True,-0.011345,True,True,False,False,False,False,53.93,64.04,55.06,False
INDUSINDBK,966.30,-0.049572,0.019896,0.171202,0.290810,-0.229302,0.076550,0.540520,1.010689,30.34,71.91,73.03,83.15,-0.026240,0.033015,0.108791,0.302155,3,79.33,True,,0,2025-03-18,2026-09-18,373,False,NSE_EQ|INE095A01012,0.216187,-0.049572,False,-0.023332,0.259901,0.019896,True,-0.013120,0.316735,0.171202,True,0.062410,0.287734,0.290810,True,-0.011345,True,True,True,False,True,False,83.15,73.03,84.27,False
BANKBARODA,234.94,-0.041061,-0.164063,-0.160779,-0.013976,-0.237400,-0.696219,-0.547837,-0.050682,39.33,1.12,2.25,42.70,-0.017729,-0.150943,-0.223189,-0.002631,0,26.52,True,,0,2025-03-18,2026-09-18,373,False,NSE_EQ|INE028A01039,0.172962,-0.041061,False,-0.023332,0.235649,-0.164063,False,-0.013120,0.293479,-0.160779,False,0.062410,0.275755,-0.013976,False,-0.011345,False,False,False,False,False,False,42.70,2.25,42.70,False
PNB,117.27,-0.001788,0.078147,0.056772,0.088252,-0.011741,0.369148,0.207647,0.326801,69.66,84.27,53.93,59.55,0.021545,0.091266,-0.005638,0.099597,3,57.30,True,,0,2025-03-18,2026-09-18,373,False,NSE_EQ|INE160A01022,0.152247,-0.001788,False,-0.023332,0.211695,0.078147,True,-0.013120,0.273407,0.056772,True,0.062410,0.270047,0.088252,True,-0.011345,False,True,False,False,False,False,59.55,53.93,59.55,False
CANBK,123.78,-0.041060,-0.074473,-0.079771,0.104488,-0.308437,-0.350388,-0.265928,0.361885,40.45,26.97,25.84,64.04,-0.017728,-0.061353,-0.142181,0.115833,1,48.09,True,,0,2025-03-18,2026-09-18,373,False,NSE_EQ|INE476A01022,0.133122,-0.041060,False,-0.023332,0.212544,-0.074473,False,-0.013120,0.299972,-0.079771,False,0.062410,0.288733,0.104488,True,-0.011345,False,False,False,False,False,False,64.04,25.84,60.67,False
TCS,2105.00,-0.080384,-0.009412,-0.126266,-0.326228,-0.285851,-0.028193,-0.379095,-1.148753,5.62,56.18,12.36,5.62,-0.057052,0.003708,-0.188676,-0.314882,0,8.76,True,,0,2025-03-18,2026-09-18,373,False,NSE_EQ|INE467B01029,0.281211,-0.080384,False,-0.023332,0.333831,-0.009412,False,-0.013120,0.333072,-0.126266,False,0.062410,0.283984,-0.326228,False,-0.011345,False,False,False,False,False,False,5.62,12.36,7.87,False
INFY,1051.40,-0.061082,0.000000,-0.158745,-0.303570,-0.200214,0.000000,-0.457936,-1.007987,15.73,65.73,3.37,10.11,-0.037750,0.013120,-0.221156,-0.292225,0,8.31,True,,0,2025-03-18,2026-09-18,373,False,NSE_EQ|INE009A01021,0.305085,-0.061082,False,-0.023332,0.326388,0.000000,False,-0.013120,0.346654,-0.158745,False,0.062410,0.301165,-0.303570,False,-0.011345,False,False,False,False,False,False,10.11,3.37,14.61,False
WIPRO,166.83,-0.070844,-0.077268,-0.144944,-0.342956,-0.317519,-0.365990,-0.561083,-1.370508,10.11,23.60,7.87,3.37,-0.047512,-0.064148,-0.207354,-0.331611,0,5.17,True,,0,2025-03-18,2026-09-18,373,False,NSE_EQ|INE075A01022,0.223117,-0.070844,False,-0.023332,0.211120,-0.077268,False,-0.013120,0.258329,-0.144944,False,0.062410,0.250240,-0.342956,False,-0.011345,False,False,False,False,False,False,3.37,7.87,3.37,False
TECHM,1537.10,-0.033149,0.090451,0.147518,0.010452,-0.135126,0.342404,0.482360,0.037795,49.44,89.89,68.54,48.31,-0.009817,0.103571,0.085107,0.021797,3,56.40,True,,0,2025-03-18,2026-09-18,373,False,NSE_EQ|INE669C01036,0.245317,-0.033149,False,-0.023332,0.264165,0.090451,True,-0.013120,0.305825,0.147518,True,0.062410,0.276550,0.010452,True,-0.011345,True,True,False,False,False,False,48.31,68.54,48.31,False
HCLTECH,1249.30,-0.056990,0.103914,-0.059687,-0.148804,-0.201984,0.326929,-0.174040,-0.514714,19.10,92.13,29.21,23.60,-0.033658,0.117034,-0.122097,-0.137459,1,26.07,True,,0,2025-03-18,2026-09-18,373,False,NSE_EQ|INE860A01027,0.282150,-0.056990,False,-0.023332,0.317850,0.103914,True,-0.013120,0.342949,-0.059687,False,0.062410,0.289101,-0.148804,False,-0.011345,False,False,False,False,False,False,23.60,29.21,24.72,False
PERSISTENT,5416.00,-0.017060,0.121557,0.167543,0.001572,-0.052838,0.316582,0.439626,0.004555,62.92,93.26,70.79,47.19,0.006272,0.134677,0.105133,0.012917,3,56.63,True,,0,2025-03-18,2026-09-18,373,False,NSE_EQ|INE262H01021,0.322872,-0.017060,False,-0.023332,0.383967,0.121557,True,-0.013120,0.381104,0.167543,True,0.062410,0.345100,0.001572,True,-0.011345,True,True,False,False,False,False,47.19,70.79,47.19,False
COFORGE,1841.00,0.015388,0.258115,0.703683,0.039526,0.040283,0.642267,1.597676,0.101472,82.02,98.88,98.88,50.56,0.038720,0.271235,0.641273,0.050871,4,69.89,True,,0,2025-03-18,2026-09-18,373,False,NSE_EQ|INE591G01025,0.381994,0.015388,True,-0.023332,0.401881,0.258115,True,-0.013120,0.440442,0.703683,True,0.062410,0.389524,0.039526,True,-0.011345,True,True,False,False,False,False,50.56,98.88,50.56,False
MPHASIS,2300.40,-0.051186,0.014509,0.105377,-0.213673,-0.202397,0.043752,0.317345,-0.718678,25.84,69.66,61.80,16.85,-0.027854,0.027629,0.042967,-0.202328,2,35.28,True,,0,2025-03-18,2026-09-18,373,False,NSE_EQ|INE356A01018,0.252898,-0.051186,False,-0.023332,0.331631,0.014509,True,-0.013120,0.332058,0.105377,True,0.062410,0.297314,-0.213673,False,-0.011345,False,False,False,False,False,False,16.85,61.80,19.10,False
LT,3885.00,-0.038676,-0.077066,0.119790,0.097551,-0.248791,-0.474538,0.463109,0.387013,43.82,24.72,65.17,62.92,-0.015344,-0.063946,0.057380,0.108896,2,63.82,True,,0,2025-03-18,2026-09-18,373,False,NSE_EQ|INE018A01030,0.155454,-0.038676,False,-0.023332,0.162401,-0.077066,False,-0.013120,0.258665,0.119790,True,0.062410,0.252060,0.097551,True,-0.011345,True,False,False,False,False,False,62.92,65.17,62.92,False
ULTRACEMCO,11014.00,-0.038079,-0.031055,-0.007658,-0.111201,-0.196318,-0.163743,-0.030870,-0.476628,46.07,47.19,39.33,26.97,-0.014746,-0.017935,-0.070069,-0.099856,0,31.91,True,,0,2025-03-18,2026-09-18,373,False,NSE_EQ|INE481G01011,0.193964,-0.038079,False,-0.023332,0.189655,-0.031055,False,-0.013120,0.248084,-0.007658,False,0.062410,0.233307,-0.111201,False,-0.011345,False,False,False,False,False,False,26.97,39.33,26.97,False
GRASIM,3209.20,-0.018593,0.018955,0.209011,0.146552,-0.096806,0.083378,0.855882,0.638908,60.67,70.79,79.78,70.79,0.004739,0.032075,0.146601,0.157897,3,74.61,True,,0,2025-03-18,2026-09-18,373,False,NSE_EQ|INE047A01021,0.192067,-0.018593,False,-0.023332,0.227342,0.018955,True,-0.013120,0.244206,0.209011,True,0.062410,0.229379,0.146552,True,-0.011345,True,True,True,False,True,False,70.79,79.78,71.91,False
SHREECEM,22600.00,-0.071487,-0.098704,-0.030667,-0.242373,-0.283084,-0.389349,-0.119260,-1.074038,8.99,15.73,34.83,15.73,-0.048155,-0.085584,-0.093077,-0.231028,0,22.47,True,,0,2025-03-18,2026-09-18,373,False,NSE_EQ|INE070A01015,0.252530,-0.071487,False,-0.023332,0.253510,-0.098704,False,-0.013120,0.257144,-0.030667,False,0.062410,0.225666,-0.242373,False,-0.011345,False,False,False,False,False,False,15.73,34.83,11.24,False
AMBUJACEM,388.30,-0.047117,-0.084090,-0.094872,-0.307102,-0.245276,-0.362349,-0.312331,-1.127236,31.46,20.22,17.98,7.87,-0.023784,-0.070970,-0.157282,-0.295757,0,12.36,True,,0,2025-03-18,2026-09-18,373,False,NSE_EQ|INE079A01024,0.192096,-0.047117,False,-0.023332,0.232069,-0.084090,False,-0.013120,0.303754,-0.094872,False,0.062410,0.272438,-0.307102,False,-0.011345,False,False,False,False,False,False,7.87,17.98,10.11,False
ACC,1259.70,-0.022503,-0.062235,-0.082654,-0.316977,-0.127564,-0.306071,-0.320877,-1.412016,53.93,39.33,23.60,6.74,0.000829,-0.049115,-0.145064,-0.305632,0,12.58,True,,0,2025-03-18,2026-09-18,373,False,NSE_EQ|INE012A01025,0.176408,-0.022503,False,-0.023332,0.203335,-0.062235,False,-0.013120,0.257587,-0.082654,False,0.062410,0.224485,-0.316977,False,-0.011345,False,False,False,False,False,False,6.74,23.60,2.25,False
MARUTI,12103.00,-0.115924,-0.096454,-0.051266,-0.198211,-0.562673,-0.406862,-0.204184,-0.845778,0.00,16.85,32.58,19.10,-0.092592,-0.083334,-0.113676,-0.186866,0,23.82,True,,0,2025-03-18,2026-09-18,373,False,NSE_EQ|INE585B01010,0.206024,-0.115924,False,-0.023332,0.237068,-0.096454,False,-0.013120,0.251077,-0.051266,False,0.062410,0.234354,-0.198211,False,-0.011345,False,False,False,False,False,False,19.10,32.58,15.73,False
EICHERMOT,7516.00,-0.059383,-0.012482,0.100842,0.112163,-0.366799,-0.062630,0.356865,0.423415,16.85,55.06,60.67,66.29,-0.036051,0.000638,0.038432,0.123508,2,63.82,True,,0,2025-03-18,2026-09-18,373,False,NSE_EQ|INE066A01021,0.161895,-0.059383,False,-0.023332,0.199296,-0.012482,False,-0.013120,0.282578,0.100842,True,0.062410,0.264901,0.112163,True,-0.011345,True,False,False,False,False,False,66.29,60.67,65.17,False
ASHOKLEY,163.00,-0.058348,0.040470,-0.056549,0.220425,-0.228556,0.129967,-0.134228,0.599330,17.98,77.53,31.46,78.65,-0.035016,0.053590,-0.118960,0.231770,2,57.75,True,,0,2025-03-18,2026-09-18,373,False,NSE_EQ|INE208A01029,0.255289,-0.058348,False,-0.023332,0.311386,0.040470,True,-0.013120,0.421292,-0.056549,False,0.062410,0.367786,0.220425,True,-0.011345,False,False,False,False,False,False,78.65,31.46,68.54,False
BAJAJ-AUTO,11414.00,-0.019837,0.133916,0.258018,0.252428,-0.096134,0.564009,1.026371,1.121617,58.43,94.38,85.39,80.90,0.003495,0.147036,0.195608,0.263773,3,83.82,True,,0,2025-03-18,2026-09-18,373,False,NSE_EQ|INE917I01010,0.206346,-0.019837,False,-0.023332,0.237436,0.133916,True,-0.013120,0.251389,0.258018,True,0.062410,0.225057,0.252428,True,-0.011345,True,True,True,False,True,False,80.90,85.39,86.52,False
TVSMOTOR,4171.30,-0.043521,0.211566,0.236014,0.187694,-0.212756,0.774654,0.786931,0.690622,35.96,97.75,83.15,74.16,-0.020189,0.224686,0.173604,0.199039,3,78.20,True,,0,2025-03-18,2026-09-18,373,False,NSE_EQ|INE494B01023,0.204559,-0.043521,False,-0.023332,0.273110,0.211566,True,-0.013120,0.299917,0.236014,True,0.062410,0.271775,0.187694,True,-0.011345,True,True,True,False,True,False,74.16,83.15,76.40,False
HEROMOTOCO,5285.50,-0.074262,0.062433,0.001326,-0.003112,-0.299438,0.251966,0.004790,-0.011874,7.87,82.02,41.57,46.07,-0.050930,0.075553,-0.061084,0.008233,2,44.27,True,,0,2025-03-18,2026-09-18,373,False,NSE_EQ|INE158A01026,0.248005,-0.074262,False,-0.023332,0.247785,0.062433,True,-0.013120,0.276859,0.001326,True,0.062410,0.262091,-0.003112,False,-0.011345,False,False,False,False,False,False,46.07,41.57,46.07,False
SUNPHARMA,1837.30,-0.033000,-0.000544,0.030339,0.141393,-0.169854,-0.003285,0.143960,0.733976,50.56,64.04,47.19,69.66,-0.009668,0.012576,-0.032072,0.152738,2,62.47,True,,0,2025-03-18,2026-09-18,373,False,NSE_EQ|INE044A01036,0.194284,-0.033000,False,-0.023332,0.165573,-0.000544,False,-0.013120,0.210745,0.030339,True,0.062410,0.192640,0.141393,True,-0.011345,False,False,False,False,False,False,69.66,47.19,78.65,False
DRREDDY,1185.00,0.012821,-0.068469,-0.071971,-0.090630,0.066164,-0.291041,-0.272002,-0.384790,79.78,31.46,26.97,32.58,0.036153,-0.055350,-0.134382,-0.079285,1,29.66,True,,0,2025-03-18,2026-09-18,373,False,NSE_EQ|INE089A01031,0.193770,0.012821,True,-0.023332,0.235257,-0.068469,False,-0.013120,0.264598,-0.071971,False,0.062410,0.235531,-0.090630,False,-0.011345,False,False,False,False,False,False,32.58,26.97,29.21,False
CIPLA,1394.50,-0.019339,0.031588,0.072692,-0.106548,-0.121877,0.176391,0.314991,-0.506291,59.55,74.16,58.43,29.21,0.003993,0.044707,0.010282,-0.095203,2,40.22,True,,0,2025-03-18,2026-09-18,373,False,NSE_EQ|INE059A01026,0.158675,-0.019339,False,-0.023332,0.179077,0.031588,True,-0.013120,0.230775,0.072692,True,0.062410,0.210448,-0.106548,False,-0.011345,False,False,False,False,False,False,29.21,58.43,25.84,False
DIVISLAB,9375.00,0.095210,0.390331,0.544227,0.558474,0.343316,1.416038,2.246307,2.315061,98.88,100.00,97.75,92.13,0.118542,0.403451,0.481816,0.569819,4,95.73,True,,0,2025-03-18,2026-09-18,373,False,NSE_EQ|INE361B01024,0.277326,0.095210,True,-0.023332,0.275650,0.390331,True,-0.013120,0.242276,0.544227,True,0.062410,0.241235,0.558474,True,-0.011345,True,True,True,True,True,True,92.13,97.75,98.88,False
LUPIN,2083.00,-0.063820,-0.114220,-0.090552,0.047787,-0.405791,-0.561363,-0.425526,0.240143,13.48,8.99,21.35,55.06,-0.040488,-0.101100,-0.152962,0.059132,1,41.80,True,,0,2025-03-18,2026-09-18,373,False,NSE_EQ|INE326A01037,0.157273,-0.063820,False,-0.023332,0.203469,-0.114220,False,-0.013120,0.212800,-0.090552,False,0.062410,0.198993,0.047787,True,-0.011345,False,False,False,False,False,False,55.06,21.35,56.18,False
AUROPHARMA,1734.00,0.067405,0.157698,0.355111,0.563289,0.255209,0.610651,1.371917,2.168305,96.63,96.63,92.13,93.26,0.090737,0.170818,0.292701,0.574634,4,93.71,True,,0,2025-03-18,2026-09-18,373,False,NSE_EQ|INE406A01037,0.264119,0.067405,True,-0.023332,0.258246,0.157698,True,-0.013120,0.258843,0.355111,True,0.062410,0.259783,0.563289,True,-0.011345,True,True,True,True,True,True,93.26,92.13,97.75,False
ZYDUSLIFE,1160.00,0.050249,0.083302,0.307926,0.111537,0.175324,0.307408,1.148383,0.475914,94.38,86.52,88.76,65.17,0.073581,0.096422,0.245516,0.122882,4,74.83,True,,0,2025-03-18,2026-09-18,373,False,NSE_EQ|INE010B01027,0.286607,0.050249,True,-0.023332,0.270983,0.083302,True,-0.013120,0.268139,0.307926,True,0.062410,0.234364,0.111537,True,-0.011345,True,True,False,False,False,False,65.17,88.76,66.29,False
TORNTPHARM,4840.00,-0.034510,0.092600,0.134393,0.350597,-0.167746,0.371685,0.561739,1.600469,48.31,91.01,67.42,88.76,-0.011178,0.105720,0.071982,0.361942,3,81.12,True,,0,2025-03-18,2026-09-18,373,False,NSE_EQ|INE685A01028,0.205729,-0.034510,False,-0.023332,0.249136,0.092600,True,-0.013120,0.239244,0.134393,True,0.062410,0.219059,0.350597,True,-0.011345,True,True,False,False,False,False,88.76,67.42,93.26,False
BHARTIARTL,1893.30,-0.014932,-0.009158,0.058419,-0.010298,-0.057265,-0.042593,0.255839,-0.050122,64.04,58.43,55.06,43.82,0.008400,0.003961,-0.003991,0.001047,1,48.31,True,,0,2025-03-18,2026-09-18,373,False,NSE_EQ|INE397D01024,0.260759,-0.014932,False,-0.023332,0.215021,-0.009158,False,-0.013120,0.228343,0.058419,True,0.062410,0.205456,-0.010298,False,-0.011345,False,False,False,False,False,False,43.82,55.06,43.82,False
IDEA,13.92,-0.010661,-0.067024,0.482428,0.878543,-0.024111,-0.201361,1.222218,1.876713,67.42,34.83,94.38,98.88,0.012671,-0.053904,0.420018,0.889888,2,96.40,True,,0,2025-03-18,2026-09-18,373,False,NSE_EQ|INE669E01016,0.442165,-0.010661,False,-0.023332,0.332856,-0.067024,False,-0.013120,0.394715,0.482428,True,0.062410,0.468128,0.878543,True,-0.011345,True,False,True,True,False,False,98.88,94.38,95.51,False
HINDUNILVR,1932.00,-0.043896,-0.119657,-0.112010,-0.263158,-0.297116,-0.504064,-0.459950,-1.221890,33.71,5.62,14.61,13.48,-0.020564,-0.106537,-0.174420,-0.251813,0,12.13,True,,0,2025-03-18,2026-09-18,373,False,NSE_EQ|INE030A01027,0.147739,-0.043896,False,-0.023332,0.237385,-0.119657,False,-0.013120,0.243526,-0.112010,False,0.062410,0.215370,-0.263158,False,-0.011345,False,False,False,False,False,False,13.48,14.61,4.49,False
ITC,262.30,-0.017787,-0.103248,-0.149067,-0.368028,-0.069367,-0.546037,-0.753187,-1.764014,61.80,14.61,6.74,1.12,0.005545,-0.090128,-0.211478,-0.356683,0,3.15,True,,0,2025-03-18,2026-09-18,373,False,NSE_EQ|INE154A01025,0.256416,-0.017787,False,-0.023332,0.189086,-0.103248,False,-0.013120,0.197916,-0.149067,False,0.062410,0.208631,-0.368028,False,-0.011345,False,False,False,False,False,False,1.12,6.74,0.00,False
NESTLEIND,1372.40,-0.063208,-0.029969,0.131037,0.124181,-0.295118,-0.140103,0.578563,0.606727,14.61,48.31,66.29,67.42,-0.039876,-0.016849,0.068626,0.135526,2,67.42,True,,0,2025-03-18,2026-09-18,373,False,NSE_EQ|INE239A01024,0.214180,-0.063208,False,-0.023332,0.213906,-0.029969,False,-0.013120,0.226487,0.131037,True,0.062410,0.204673,0.124181,True,-0.011345,True,False,False,False,False,False,67.42,66.29,69.66,False
BRITANNIA,4998.00,-0.083440,-0.037921,-0.144471,-0.206730,-0.466910,-0.198015,-0.698697,-1.066299,4.49,44.94,8.99,17.98,-0.060108,-0.024801,-0.206882,-0.195385,0,13.26,True,,0,2025-03-18,2026-09-18,373,False,NSE_EQ|INE216A01030,0.178708,-0.083440,False,-0.023332,0.191506,-0.037921,False,-0.013120,0.206772,-0.144471,False,0.062410,0.193876,-0.206730,False,-0.011345,False,False,False,False,False,False,17.98,8.99,12.36,False
DABUR,395.25,-0.011257,-0.066706,-0.138607,-0.273571,-0.061022,-0.312369,-0.548965,-1.205693,65.17,35.96,10.11,12.36,0.012075,-0.053586,-0.201018,-0.262226,0,10.11,True,,0,2025-03-18,2026-09-18,373,False,NSE_EQ|INE016A01026,0.184475,-0.011257,False,-0.023332,0.213549,-0.066706,False,-0.013120,0.252489,-0.138607,False,0.062410,0.226899,-0.273571,False,-0.011345,False,False,False,False,False,False,12.36,10.11,5.62,False
GODREJCP,880.00,-0.053763,-0.120528,-0.154740,-0.305172,-0.313719,-0.392783,-0.521247,-1.165522,22.47,4.49,4.49,8.99,-0.030431,-0.107408,-0.217151,-0.293827,0,6.74,True,,0,2025-03-18,2026-09-18,373,False,NSE_EQ|INE102D01028,0.171375,-0.053763,False,-0.023332,0.306856,-0.120528,False,-0.013120,0.296866,-0.154740,False,0.062410,0.261833,-0.305172,False,-0.011345,False,False,False,False,False,False,8.99,4.49,6.74,False
COLPAL,1917.80,0.020323,-0.040044,-0.012004,-0.192369,0.077360,-0.158477,-0.044359,-0.793683,85.39,43.82,37.08,20.22,0.043656,-0.026924,-0.074414,-0.181024,1,26.29,True,,0,2025-03-18,2026-09-18,373,False,NSE_EQ|INE259A01022,0.262713,0.020323,True,-0.023332,0.252680,-0.040044,False,-0.013120,0.270601,-0.012004,False,0.062410,0.242376,-0.192369,False,-0.011345,False,False,False,False,False,False,20.22,37.08,16.85,False
MARICO,803.90,-0.054235,-0.016094,0.071724,0.095082,-0.262558,-0.083751,0.379768,0.524465,21.35,51.69,57.30,60.67,-0.030903,-0.002975,0.009313,0.106427,2,60.67,True,,0,2025-03-18,2026-09-18,373,False,NSE_EQ|INE196A01026,0.206565,-0.054235,False,-0.023332,0.192171,-0.016094,False,-0.013120,0.188862,0.071724,True,0.062410,0.181294,0.095082,True,-0.011345,True,False,False,False,False,False,60.67,57.30,67.42,False
TITAN,4798.50,-0.053177,0.085658,0.172998,0.338792,-0.349598,0.481069,0.636140,1.457556,23.60,87.64,74.16,86.52,-0.029845,0.098778,0.110587,0.350137,3,82.25,True,,0,2025-03-18,2026-09-18,373,False,NSE_EQ|INE280A01028,0.152108,-0.053177,False,-0.023332,0.178058,0.085658,True,-0.013120,0.271949,0.172998,True,0.062410,0.232439,0.338792,True,-0.011345,True,True,True,False,True,False,86.52,74.16,89.89,False
TRENT,2824.00,-0.043684,-0.119097,0.177894,-0.180856,-0.250847,-0.381868,0.486504,-0.552181,34.83,6.74,75.28,22.47,-0.020352,-0.105977,0.115483,-0.169511,1,43.37,True,,0,2025-03-18,2026-09-18,373,False,NSE_EQ|INE849A01020,0.174148,-0.043684,False,-0.023332,0.311879,-0.119097,False,-0.013120,0.365657,0.177894,True,0.062410,0.327530,-0.180856,False,-0.011345,False,False,False,False,False,False,22.47,75.28,21.35,False
DMART,3749.90,-0.054250,-0.125265,-0.017811,-0.182975,-0.323689,-0.546315,-0.064762,-0.760202,20.22,2.25,35.96,21.35,-0.030918,-0.112145,-0.080221,-0.171630,0,26.52,True,,0,2025-03-18,2026-09-18,373,False,NSE_EQ|INE192R01011,0.167598,-0.054250,False,-0.023332,0.229291,-0.125265,False,-0.013120,0.275021,-0.017811,False,0.062410,0.240693,-0.182975,False,-0.011345,False,False,False,False,False,False,21.35,35.96,17.98,False
VBL,421.95,-0.022925,-0.203116,0.036350,-0.111029,-0.084372,-0.709682,0.114958,-0.375122,52.81,0.00,50.56,28.09,0.000408,-0.189996,-0.026060,-0.099684,1,37.75,True,,0,2025-03-18,2026-09-18,373,False,NSE_EQ|INE200M01039,0.271708,-0.022925,False,-0.023332,0.286207,-0.203116,False,-0.013120,0.316204,0.036350,True,0.062410,0.295982,-0.111029,False,-0.011345,False,False,False,False,False,False,28.09,50.56,31.46,False
ADANIENT,3020.00,0.009932,-0.006056,0.526795,0.258963,0.021322,-0.017806,1.398650,0.713582,77.53,60.67,95.51,82.02,0.033264,0.007064,0.464384,0.270308,3,86.52,True,,0,2025-03-18,2026-09-18,373,False,NSE_EQ|INE423A01024,0.465822,0.009932,True,-0.023332,0.340096,-0.006056,False,-0.013120,0.376645,0.526795,True,0.062410,0.362905,0.258963,True,-0.011345,True,True,True,False,True,False,82.02,95.51,77.53,False
ADANIPORTS,1824.00,0.084488,-0.006157,0.327608,0.309310,0.218911,-0.021732,1.095364,1.052503,97.75,59.55,89.89,84.27,0.107820,0.006963,0.265197,0.320655,3,86.74,True,,0,2025-03-18,2026-09-18,373,False,NSE_EQ|INE742F01042,0.385946,0.084488,True,-0.023332,0.283314,-0.006157,False,-0.013120,0.299086,0.327608,True,0.062410,0.293880,0.309310,True,-0.011345,True,True,True,False,True,False,84.27,89.89,85.39,False
ADANIPOWER,206.60,0.012646,-0.108561,0.341036,0.653461,0.033222,-0.383001,0.977425,1.497302,78.65,12.36,91.01,96.63,0.035978,-0.095441,0.278625,0.664806,3,93.48,True,,0,2025-03-18,2026-09-18,373,False,NSE_EQ|INE814H01029,0.380643,0.012646,True,-0.023332,0.283448,-0.108561,False,-0.013120,0.348913,0.341036,True,0.062410,0.436426,0.653461,True,-0.011345,True,True,True,True,True,True,96.63,91.01,92.13,False
ADANIENSOL,1436.10,-0.067891,-0.047300,0.441144,0.764901,-0.144419,-0.137780,1.058025,1.892592,11.24,41.57,93.26,97.75,-0.044559,-0.034180,0.378734,0.776246,2,95.73,True,,0,2025-03-18,2026-09-18,373,False,NSE_EQ|INE931S01010,0.470099,-0.067891,False,-0.023332,0.343302,-0.047300,False,-0.013120,0.416950,0.441144,True,0.062410,0.404155,0.764901,True,-0.011345,True,False,True,True,False,False,97.75,93.26,96.63,False
ADANIGREEN,1334.50,0.032096,-0.111755,0.539304,0.366825,0.079182,-0.323037,1.278970,0.833744,91.01,10.11,96.63,89.89,0.055428,-0.098635,0.476894,0.378170,3,90.79,True,,0,2025-03-18,2026-09-18,373,False,NSE_EQ|INE364U01010,0.405345,0.032096,True,-0.023332,0.345949,-0.111755,False,-0.013120,0.421671,0.539304,True,0.062410,0.439973,0.366825,True,-0.011345,True,True,True,True,True,True,89.89,96.63,80.90,False
TATASTEEL,185.54,0.008370,-0.067451,-0.007489,0.095213,0.040829,-0.354571,-0.032546,0.367917,76.40,33.71,40.45,61.80,0.031702,-0.054331,-0.069899,0.106558,2,53.26,True,,0,2025-03-18,2026-09-18,373,False,NSE_EQ|INE081A01020,0.204992,0.008370,True,-0.023332,0.190232,-0.067451,False,-0.013120,0.230109,-0.007489,False,0.062410,0.258788,0.095213,True,-0.011345,False,False,False,False,False,False,61.80,40.45,61.80,False
JSWSTEEL,1275.60,-0.007933,-0.009397,0.113478,0.160692,-0.033577,-0.046162,0.496181,0.677668,68.54,57.30,62.92,73.03,0.015399,0.003723,0.051067,0.172037,2,69.44,True,,0,2025-03-18,2026-09-18,373,False,NSE_EQ|INE019A01038,0.236255,-0.007933,False,-0.023332,0.203557,-0.009397,False,-0.013120,0.228702,0.113478,True,0.062410,0.237124,0.160692,True,-0.011345,True,False,False,False,False,False,73.03,62.92,75.28,False
HINDALCO,986.50,-0.050484,-0.023267,0.070944,0.328351,-0.214913,-0.095777,0.250843,1.140675,26.97,49.44,56.18,85.39,-0.027152,-0.010147,0.008533,0.339696,2,74.16,True,,0,2025-03-18,2026-09-18,373,False,NSE_EQ|INE038A01020,0.234903,-0.050484,False,-0.023332,0.242932,-0.023267,False,-0.013120,0.282822,0.070944,True,0.062410,0.287857,0.328351,True,-0.011345,True,False,False,False,False,False,85.39,56.18,87.64,False
JINDALSTEL,1119.50,0.004036,-0.015997,-0.011915,0.076028,0.017829,-0.064143,-0.043990,0.272240,73.03,52.81,38.20,58.43,0.027368,-0.002877,-0.074326,0.087373,2,50.34,True,,0,2025-03-18,2026-09-18,373,False,NSE_EQ|INE749A01030,0.226367,0.004036,True,-0.023332,0.249398,-0.015997,False,-0.013120,0.270865,-0.011915,False,0.062410,0.279269,0.076028,True,-0.011345,False,False,False,False,False,False,58.43,38.20,58.43,False
SAIL,177.33,0.026512,-0.015107,0.225586,0.345244,0.067650,-0.046493,0.571005,0.967766,89.89,53.93,80.90,87.64,0.049844,-0.001987,0.163175,0.356589,3,84.04,True,,0,2025-03-18,2026-09-18,373,False,NSE_EQ|INE114A01011,0.391903,0.026512,True,-0.023332,0.324929,-0.015107,False,-0.013120,0.395068,0.225586,True,0.062410,0.356743,0.345244,True,-0.011345,True,True,True,False,True,False,87.64,80.90,83.15,False
NMDC,79.15,-0.050390,-0.104841,0.020500,0.043232,-0.190369,-0.513752,0.074689,0.153540,28.09,13.48,44.94,52.81,-0.027058,-0.091721,-0.041910,0.054577,2,49.44,True,,0,2025-03-18,2026-09-18,373,False,NSE_EQ|INE584A01023,0.264696,-0.050390,False,-0.023332,0.204068,-0.104841,False,-0.013120,0.274474,0.020500,True,0.062410,0.281567,0.043232,True,-0.011345,False,False,False,False,False,False,52.81,44.94,51.69,False
VEDL,267.60,0.019040,-0.110372,-0.609685,-0.388622,0.054395,-0.328350,-0.612470,-0.522313,84.27,11.24,0.00,0.00,0.042373,-0.097252,-0.672095,-0.377277,1,4.72,True,,0,2025-03-18,2026-09-18,373,True,NSE_EQ|INE205A01025,0.350038,0.019040,True,-0.023332,0.336143,-0.110372,False,-0.013120,0.995452,-0.609685,False,0.062410,0.744041,-0.388622,False,-0.011345,False,False,False,False,False,False,0.00,0.00,23.60,False
NATIONALUM,350.50,-0.093261,-0.067819,-0.058428,0.634795,-0.312174,-0.164267,-0.141518,1.496429,2.25,32.58,30.34,95.51,-0.069929,-0.054699,-0.120839,0.646140,1,68.54,True,,0,2025-03-18,2026-09-18,373,False,NSE_EQ|INE139A01034,0.298747,-0.093261,False,-0.023332,0.412860,-0.067819,False,-0.013120,0.412870,-0.058428,False,0.062410,0.424206,0.634795,True,-0.011345,False,False,False,False,False,False,95.51,30.34,91.01,False
ONGC,232.80,-0.021849,-0.054619,-0.106162,-0.004107,-0.134528,-0.314274,-0.463091,-0.017363,55.06,40.45,16.85,44.94,0.001483,-0.041499,-0.168573,0.007238,0,33.71,True,,0,2025-03-18,2026-09-18,373,False,NSE_EQ|INE213A01029,0.162410,-0.021849,False,-0.023332,0.173795,-0.054619,False,-0.013120,0.229247,-0.106162,False,0.062410,0.236524,-0.004107,False,-0.011345,False,False,False,False,False,False,44.94,16.85,44.94,False
COALINDIA,409.90,0.024750,-0.091735,-0.109494,0.042074,0.114388,-0.512638,-0.508929,0.181272,87.64,17.98,15.73,51.69,0.048082,-0.078615,-0.171904,0.053420,2,37.75,True,,0,2025-03-18,2026-09-18,373,False,NSE_EQ|INE522F01014,0.216368,0.024750,True,-0.023332,0.178947,-0.091735,False,-0.013120,0.215146,-0.109494,False,0.062410,0.232107,0.042074,True,-0.011345,False,False,False,False,False,False,51.69,15.73,53.93,False
BPCL,314.00,0.022801,0.024136,0.029677,-0.018750,0.107917,0.110097,0.093270,-0.064058,86.52,73.03,46.07,41.57,0.046133,0.037256,-0.032733,-0.007405,3,43.37,True,,0,2025-03-18,2026-09-18,373,False,NSE_EQ|INE029A01011,0.211285,0.022801,True,-0.023332,0.219222,0.024136,True,-0.013120,0.318182,0.029677,True,0.062410,0.292704,-0.018750,False,-0.011345,False,False,False,False,False,False,41.57,46.07,41.57,False
IOC,137.00,0.005136,-0.044830,-0.080290,-0.048148,0.026210,-0.218052,-0.293346,-0.180862,74.16,42.70,24.72,34.83,0.028468,-0.031710,-0.142700,-0.036803,1,31.01,True,,0,2025-03-18,2026-09-18,373,False,NSE_EQ|INE242A01010,0.195948,0.005136,True,-0.023332,0.205594,-0.044830,False,-0.013120,0.273705,-0.080290,False,0.062410,0.266217,-0.048148,False,-0.011345,False,False,False,False,False,False,34.83,24.72,35.96,False
HINDPETRO,359.00,-0.020330,-0.084417,0.014698,-0.097536,-0.094693,-0.307173,0.038364,-0.278785,57.30,19.10,42.70,30.34,0.003002,-0.071297,-0.047713,-0.086191,1,35.73,True,,0,2025-03-18,2026-09-18,373,False,NSE_EQ|INE094A01015,0.214696,-0.020330,False,-0.023332,0.274820,-0.084417,False,-0.013120,0.383104,0.014698,True,0.062410,0.349863,-0.097536,False,-0.011345,False,False,False,False,False,False,30.34,42.70,32.58,False
OIL,475.70,0.001790,0.137630,0.033906,0.205372,0.008394,0.571681,0.105236,0.666547,70.79,95.51,48.31,76.40,0.025122,0.150750,-0.028505,0.216717,4,64.72,True,,0,2025-03-18,2026-09-18,373,False,NSE_EQ|INE274J01014,0.213248,0.001790,True,-0.023332,0.240746,0.137630,True,-0.013120,0.322188,0.033906,True,0.062410,0.308113,0.205372,True,-0.011345,False,True,False,False,False,False,76.40,48.31,74.16,False
GAIL,173.90,0.008116,0.000000,0.190607,-0.028546,0.038974,0.000000,0.734414,-0.113556,75.28,65.73,78.65,38.20,0.031448,0.013120,0.128196,-0.017201,2,54.61,True,,0,2025-03-18,2026-09-18,373,False,NSE_EQ|INE129A01019,0.208242,0.008116,True,-0.023332,0.221844,0.000000,False,-0.013120,0.259535,0.190607,True,0.062410,0.251381,-0.028546,False,-0.011345,False,False,False,False,False,False,38.20,78.65,39.33,False
POWERGRID,270.30,0.025806,-0.075107,-0.092191,-0.057531,0.126946,-0.409387,-0.488292,-0.271516,88.76,25.84,20.22,33.71,0.049139,-0.061987,-0.154602,-0.046186,1,28.31,True,,0,2025-03-18,2026-09-18,373,False,NSE_EQ|INE752E01010,0.203287,0.025806,True,-0.023332,0.183462,-0.075107,False,-0.013120,0.188804,-0.092191,False,0.062410,0.211889,-0.057531,False,-0.011345,False,False,False,False,False,False,33.71,20.22,33.71,False
NTPC,323.65,-0.038330,-0.115227,-0.153635,-0.022353,-0.303492,-0.757736,-0.841761,-0.116497,44.94,7.87,5.62,40.45,-0.014998,-0.102107,-0.216045,-0.011008,0,26.07,True,,0,2025-03-18,2026-09-18,373,False,NSE_EQ|INE733E01010,0.126297,-0.038330,False,-0.023332,0.152067,-0.115227,False,-0.013120,0.182516,-0.153635,False,0.062410,0.191878,-0.022353,False,-0.011345,False,False,False,False,False,False,40.45,5.62,38.20,False
TATAPOWER,374.80,-0.010821,-0.068473,-0.040328,-0.034270,-0.045068,-0.369497,-0.186805,-0.159674,66.29,30.34,33.71,37.08,0.012511,-0.055353,-0.102738,-0.022924,0,35.73,True,,0,2025-03-18,2026-09-18,373,False,NSE_EQ|INE245A01021,0.240101,-0.010821,False,-0.023332,0.185313,-0.068473,False,-0.013120,0.215882,-0.040328,False,0.062410,0.214622,-0.034270,False,-0.011345,False,False,False,False,False,False,37.08,33.71,37.08,False
BAJFINANCE,1040.30,-0.036938,0.081618,0.184650,0.072198,-0.198300,0.279517,0.565640,0.240301,47.19,85.39,77.53,57.30,-0.013605,0.094738,0.122239,0.083543,3,65.39,True,,0,2025-03-18,2026-09-18,373,False,NSE_EQ|INE296A01032,0.186271,-0.036938,False,-0.023332,0.291996,0.081618,True,-0.013120,0.326444,0.184650,True,0.062410,0.300448,0.072198,True,-0.011345,True,True,False,False,False,False,57.30,77.53,57.30,False
BAJAJFINSV,1852.50,-0.079274,0.046965,0.044309,-0.090931,-0.437144,0.193168,0.169205,-0.375181,6.74,79.78,51.69,31.46,-0.055942,0.060085,-0.018101,-0.079586,2,39.33,True,,0,2025-03-18,2026-09-18,373,False,NSE_EQ|INE918I01026,0.181346,-0.079274,False,-0.023332,0.243131,0.046965,True,-0.013120,0.261867,0.044309,True,0.062410,0.242367,-0.090931,False,-0.011345,False,False,False,False,False,False,31.46,51.69,30.34,False
CHOLAFIN,1800.00,-0.039231,0.062950,0.178705,0.203450,-0.191901,0.224859,0.484434,0.615714,41.57,83.15,76.40,75.28,-0.015899,0.076070,0.116294,0.214795,3,74.83,True,,0,2025-03-18,2026-09-18,373,False,NSE_EQ|INE121A01024,0.204436,-0.039231,False,-0.023332,0.279955,0.062950,True,-0.013120,0.368894,0.178705,True,0.062410,0.330429,0.203450,True,-0.011345,True,True,True,False,True,False,75.28,76.40,70.79,False
SHRIRAMFIN,1010.00,-0.086799,0.008085,0.018145,0.628901,-0.295819,0.027411,0.045951,1.779153,3.37,68.54,43.82,94.38,-0.063467,0.021205,-0.044265,0.640246,3,74.16,True,,0,2025-03-18,2026-09-18,373,False,NSE_EQ|INE721A01047,0.293420,-0.086799,False,-0.023332,0.294943,0.008085,True,-0.013120,0.394882,0.018145,True,0.062410,0.353483,0.628901,True,-0.011345,False,True,False,False,False,False,94.38,43.82,94.38,False
LICHSGFIN,548.15,0.102918,-0.003182,0.093021,-0.025857,0.346941,-0.013318,0.315470,-0.101696,100.00,62.92,59.55,39.33,0.126250,0.009938,0.030610,-0.014512,2,47.64,True,,0,2025-03-18,2026-09-18,373,False,NSE_EQ|INE115A01026,0.296643,0.102918,True,-0.023332,0.238951,-0.003182,False,-0.013120,0.294865,0.093021,True,0.062410,0.254261,-0.025857,False,-0.011345,False,False,False,False,False,False,39.33,59.55,40.45,False
INDIGO,4920.00,-0.052571,-0.020213,0.165297,-0.131816,-0.216863,-0.067180,0.437663,-0.390265,24.72,50.56,69.66,24.72,-0.029239,-0.007093,0.102886,-0.120471,1,43.37,True,,0,2025-03-18,2026-09-18,373,False,NSE_EQ|INE646L01027,0.242415,-0.052571,False,-0.023332,0.300880,-0.020213,False,-0.013120,0.377681,0.165297,True,0.062410,0.337760,-0.131816,False,-0.011345,False,False,False,False,False,False,24.72,69.66,28.09,False
IRCTC,476.75,-0.023753,-0.082467,-0.094406,-0.337571,-0.116738,-0.416298,-0.403716,-1.512513,51.69,21.35,19.10,4.49,-0.000421,-0.069347,-0.156816,-0.326226,0,9.66,True,,0,2025-03-18,2026-09-18,373,False,NSE_EQ|INE335Y01020,0.203476,-0.023753,False,-0.023332,0.198097,-0.082467,False,-0.013120,0.233842,-0.094406,False,0.062410,0.223186,-0.337571,False,-0.011345,False,False,False,False,False,False,4.49,19.10,1.12,False
RVNL,214.29,-0.041208,-0.121726,-0.196513,-0.360615,-0.126530,-0.491788,-0.588891,-1.065293,38.20,3.37,1.12,2.25,-0.017876,-0.108606,-0.258923,-0.349270,0,4.04,True,,0,2025-03-18,2026-09-18,373,False,NSE_EQ|INE415G01027,0.325678,-0.041208,False,-0.023332,0.247518,-0.121726,False,-0.013120,0.333700,-0.196513,False,0.062410,0.338512,-0.360615,False,-0.011345,False,False,False,False,False,False,2.25,1.12,13.48,False
BEL,393.30,-0.038856,-0.078707,-0.084284,0.021161,-0.155083,-0.359492,-0.357062,0.081459,42.70,22.47,22.47,49.44,-0.015524,-0.065587,-0.146695,0.032506,1,38.65,True,,0,2025-03-18,2026-09-18,373,False,NSE_EQ|INE263A01024,0.250552,-0.038856,False,-0.023332,0.218939,-0.078707,False,-0.013120,0.236049,-0.084284,False,0.062410,0.259770,0.021161,True,-0.011345,False,False,False,False,False,False,49.44,22.47,49.44,False
HAL,4800.30,-0.043193,0.088973,0.226726,0.047826,-0.176414,0.379376,0.807646,0.173954,37.08,88.76,82.02,56.18,-0.019861,0.102092,0.164315,0.059171,3,65.84,True,,0,2025-03-18,2026-09-18,373,False,NSE_EQ|INE066F01020,0.244840,-0.043193,False,-0.023332,0.234523,0.088973,True,-0.013120,0.280724,0.226726,True,0.062410,0.274934,0.047826,True,-0.011345,True,True,False,False,False,False,56.18,82.02,52.81,False
BHEL,439.90,0.047880,0.061663,0.735306,0.920290,0.132581,0.181161,1.944347,2.519366,93.26,80.90,100.00,100.00,0.071212,0.074783,0.672895,0.931635,4,100.00,True,,0,2025-03-18,2026-09-18,373,False,NSE_EQ|INE257A01026,0.361137,0.047880,True,-0.023332,0.340377,0.061663,True,-0.013120,0.378176,0.735306,True,0.062410,0.365286,0.920290,True,-0.011345,True,True,True,True,True,True,100.00,100.00,100.00,False
SIEMENS,3913.90,0.003847,0.041042,0.242666,0.228738,0.012578,0.159993,0.733255,0.744204,71.91,78.65,84.27,79.78,0.027179,0.054162,0.180255,0.240083,4,81.57,True,,0,2025-03-18,2026-09-18,373,False,NSE_EQ|INE003A01024,0.305871,0.003847,True,-0.023332,0.256521,0.041042,True,-0.013120,0.330943,0.242666,True,0.062410,0.307360,0.228738,True,-0.011345,True,True,True,False,True,False,79.78,84.27,79.78,False
ABB,7270.50,-0.021467,0.003104,0.169267,0.393323,-0.089902,0.011300,0.526439,1.311723,56.18,67.42,71.91,91.01,0.001865,0.016224,0.106856,0.404668,3,82.92,True,,0,2025-03-18,2026-09-18,373,False,NSE_EQ|INE117A01022,0.238784,-0.021467,False,-0.023332,0.274717,0.003104,True,-0.013120,0.321531,0.169267,True,0.062410,0.299852,0.393323,True,-0.011345,True,True,True,False,True,False,91.01,71.91,88.76,False
CGPOWER,892.00,0.033544,-0.074401,0.276748,0.136016,0.094103,-0.202853,0.768925,0.399282,92.13,28.09,87.64,68.54,0.056876,-0.061281,0.214338,0.147361,3,75.28,True,,0,2025-03-18,2026-09-18,373,False,NSE_EQ|INE067A01029,0.356459,0.033544,True,-0.023332,0.366771,-0.074401,False,-0.013120,0.359915,0.276748,True,0.062410,0.340652,0.136016,True,-0.011345,True,True,False,False,False,False,68.54,87.64,64.04,False
DIXON,13005.00,-0.100747,0.038987,0.267173,-0.279142,-0.407651,0.122287,0.687709,-0.717145,1.12,76.40,86.52,11.24,-0.077415,0.052107,0.204763,-0.267797,2,43.15,True,,0,2025-03-18,2026-09-18,373,False,NSE_EQ|INE935N01020,0.247140,-0.100747,False,-0.023332,0.318815,0.038987,True,-0.013120,0.388498,0.267173,True,0.062410,0.389241,-0.279142,False,-0.011345,False,False,False,False,False,False,11.24,86.52,20.22,False
