schema_version,snapshot_id,capture_timestamp,source_timestamp,expiry,spot,current_atm,session_anchor_atm,range_low,range_high,rows_captured,source_is_stale,nifty_futures,futures_vwap,india_vix,range_ce_oi,range_pe_oi,range_oi_pcr,range_ce_exchange_change_oi,range_pe_exchange_change_oi,range_exchange_change_oi_pcr,range_ce_interval_oi_change,range_pe_interval_oi_change,range_ce_interval_volume,range_pe_interval_volume,max_ce_oi_strike,max_ce_oi,max_pe_oi_strike,max_pe_oi,max_ce_interval_add_strike,max_ce_interval_add,max_pe_interval_add_strike,max_pe_interval_add,atm_ce_ltp,atm_pe_ltp,atm_straddle_ltp,atm_ce_bid,atm_ce_ask,atm_pe_bid,atm_pe_ask,atm_straddle_bid,atm_straddle_ask,atm_straddle_mid,atm_ce_iv,atm_pe_iv,atm_quotes_executable,true_futures_context_available,trade_ready_data,quality_notes
2.1.0,20260828_104752_021,2026-08-28T10:47:52+05:30,2026-08-28T10:47:52+05:30,2026-09-01,24158.0,24150,24150,23550,24750,25,False,,,10.74,2039824.0,2143741.0,1.0509,473430.0,1102354.0,2.3284,,,,,24300,253083.0,24200,293362.0,,,,,148.6,56.1,204.7,148.4,148.75,55.95,56.1,204.35,204.85,204.6,12.54,7.02,True,False,True,true one-minute NIFTY futures OHLCV/VWAP unavailable; scheduled-event status not supplied
2.1.0,20260828_104803_000,2026-08-28T10:48:03+05:30,2026-08-28T10:48:03+05:30,2026-09-01,24157.55,24150,24150,23550,24750,25,False,,,10.74,2039824.0,2143741.0,1.0509,473430.0,1102354.0,2.3284,0.0,0.0,8684.0,7600.0,24300,253083.0,24200,293362.0,,,,,148.1,55.9,204.0,148.1,148.3,55.95,56.05,204.05,204.35,204.2,12.62,6.97,True,False,True,true one-minute NIFTY futures OHLCV/VWAP unavailable; scheduled-event status not supplied
2.1.0,20260828_104903_000,2026-08-28T10:49:03+05:30,2026-08-28T10:49:03+05:30,2026-09-01,24157.6,24150,24150,23550,24750,25,False,,,10.74,2046475.0,2140948.0,1.0462,480081.0,1099561.0,2.2904,6651.0,-2793.0,60596.0,60836.0,24300,253733.0,24200,291919.0,24400,1141.0,23600,658.0,148.55,55.6,204.15,148.05,148.4,55.5,55.65,203.55,204.05,203.8,12.6,6.93,True,False,True,true one-minute NIFTY futures OHLCV/VWAP unavailable; scheduled-event status not supplied
2.1.0,20260828_105003_000,2026-08-28T10:50:03+05:30,2026-08-28T10:50:03+05:30,2026-09-01,24164.1,24150,24150,23550,24750,25,False,,,10.73,2053790.0,2146458.0,1.0451,487396.0,1105071.0,2.2673,7315.0,5510.0,77714.0,97129.0,24300,254533.0,24200,293660.0,24200,1876.0,24200,1741.0,151.75,53.45,205.2,151.45,151.8,53.3,53.45,204.75,205.25,205.0,12.6,6.97,True,False,True,true one-minute NIFTY futures OHLCV/VWAP unavailable; scheduled-event status not supplied
2.1.0,20260828_105103_001,2026-08-28T10:51:03+05:30,2026-08-28T10:51:03+05:30,2026-09-01,24168.0,24150,24150,23550,24750,25,False,,,10.73,2055066.0,2143769.0,1.0432,488672.0,1102382.0,2.2559,1276.0,-2689.0,89170.0,79847.0,24300,255158.0,24200,291187.0,24150,1465.0,24100,670.0,154.0,52.3,206.3,154.05,154.35,52.15,52.3,206.2,206.65,206.425,12.65,7.02,True,False,True,true one-minute NIFTY futures OHLCV/VWAP unavailable; scheduled-event status not supplied
2.1.0,20260828_105120_196,2026-08-28T10:51:20+05:30,2026-08-28T10:51:20+05:30,2026-09-01,24169.95,24150,24150,23550,24750,25,False,,,10.74,2055066.0,2143769.0,1.0432,488672.0,1102382.0,2.2559,0.0,0.0,33725.0,40926.0,24300,255158.0,24200,291187.0,,,,,156.15,51.0,207.15,156.4,156.8,50.8,50.9,207.2,207.7,207.45,12.76,6.94,True,False,True,true one-minute NIFTY futures OHLCV/VWAP unavailable; scheduled-event status not supplied
2.1.0,20260828_105203_001,2026-08-28T10:52:03+05:30,2026-08-28T10:52:03+05:30,2026-09-01,24165.65,24150,24150,23550,24750,25,False,,,10.71,2051434.0,2139843.0,1.0431,485040.0,1098456.0,2.2647,-3632.0,-3926.0,67642.0,61040.0,24300,254467.0,24200,289980.0,24550,541.0,24050,1499.0,152.3,53.4,205.7,152.15,152.55,53.45,53.6,205.6,206.15,205.875,12.53,7.1,True,False,True,true one-minute NIFTY futures OHLCV/VWAP unavailable; scheduled-event status not supplied
2.1.0,20260828_105303_001,2026-08-28T10:53:03+05:30,2026-08-28T10:53:03+05:30,2026-09-01,24163.75,24150,24150,23550,24750,25,False,,,10.71,2056417.0,2151291.0,1.0461,490023.0,1109904.0,2.265,4983.0,11448.0,37027.0,44904.0,24300,255215.0,24200,292074.0,24250,1424.0,24100,3368.0,153.0,53.15,206.15,153.0,153.35,53.0,53.15,206.0,206.5,206.25,12.78,6.91,True,False,True,true one-minute NIFTY futures OHLCV/VWAP unavailable; scheduled-event status not supplied
2.1.0,20260828_105403_001,2026-08-28T10:54:03+05:30,2026-08-28T10:54:03+05:30,2026-09-01,24159.5,24150,24150,23550,24750,25,False,,,10.74,2058880.0,2156104.0,1.0472,492486.0,1114717.0,2.2634,2463.0,4813.0,51611.0,55117.0,24300,255400.0,24200,292727.0,24200,1091.0,24150,1508.0,150.25,54.6,204.85,150.3,150.6,54.3,54.4,204.6,205.0,204.8,12.58,6.96,True,False,True,true one-minute NIFTY futures OHLCV/VWAP unavailable; scheduled-event status not supplied
2.1.0,20260828_105503_000,2026-08-28T10:55:03+05:30,2026-08-28T10:55:03+05:30,2026-09-01,24155.7,24150,24150,23550,24750,25,False,,,10.74,2057281.0,2156020.0,1.048,490887.0,1114633.0,2.2707,-1599.0,-84.0,64815.0,73021.0,24300,255219.0,24200,293904.0,24350,303.0,24150,1259.0,146.3,56.8,203.1,145.95,146.3,56.7,56.9,202.65,203.2,202.925,12.44,6.97,True,False,True,true one-minute NIFTY futures OHLCV/VWAP unavailable; scheduled-event status not supplied
2.1.0,20260828_105603_001,2026-08-28T10:56:03+05:30,2026-08-28T10:56:03+05:30,2026-09-01,24151.2,24150,24150,23550,24750,25,False,,,10.74,2058431.0,2155802.0,1.0473,492037.0,1114415.0,2.2649,1150.0,-218.0,76753.0,122045.0,24300,257656.0,24200,294227.0,24300,2437.0,24150,1005.0,145.1,58.2,203.3,144.8,145.15,58.05,58.25,202.85,203.4,203.125,12.68,6.87,True,False,True,true one-minute NIFTY futures OHLCV/VWAP unavailable; scheduled-event status not supplied
2.1.0,20260828_105703_000,2026-08-28T10:57:03+05:30,2026-08-28T10:57:03+05:30,2026-09-01,24156.55,24150,24150,23550,24750,25,False,,,10.74,2062979.0,2158245.0,1.0462,496585.0,1116858.0,2.2491,4548.0,2443.0,56577.0,82344.0,24300,258153.0,24200,296927.0,24200,1985.0,24200,2700.0,147.15,56.5,203.65,147.35,147.7,56.25,56.35,203.6,204.05,203.825,12.6,6.96,True,False,True,true one-minute NIFTY futures OHLCV/VWAP unavailable; scheduled-event status not supplied
2.1.0,20260828_105803_000,2026-08-28T10:58:03+05:30,2026-08-28T10:58:03+05:30,2026-09-01,24157.05,24150,24150,23550,24750,25,False,,,10.76,2073025.0,2158600.0,1.0413,506631.0,1117213.0,2.2052,10046.0,355.0,45879.0,52819.0,24300,259851.0,24200,296862.0,24200,2459.0,24100,413.0,146.75,56.55,203.3,146.75,147.05,56.4,56.55,203.15,203.6,203.375,12.41,7.05,True,False,True,true one-minute NIFTY futures OHLCV/VWAP unavailable; scheduled-event status not supplied
2.1.0,20260828_105903_001,2026-08-28T10:59:03+05:30,2026-08-28T10:59:03+05:30,2026-09-01,24158.85,24150,24150,23550,24750,25,False,,,10.77,2079101.0,2152892.0,1.0355,512707.0,1111505.0,2.1679,6076.0,-5708.0,40525.0,52659.0,24300,260090.0,24200,295043.0,24250,1491.0,24000,339.0,146.4,56.8,203.2,146.05,146.4,56.75,56.8,202.8,203.2,203.0,12.28,7.16,True,False,True,true one-minute NIFTY futures OHLCV/VWAP unavailable; scheduled-event status not supplied
2.1.0,20260828_110003_000,2026-08-28T11:00:03+05:30,2026-08-28T11:00:03+05:30,2026-09-01,24156.85,24150,24150,23550,24750,25,False,,,10.79,2085301.0,2153529.0,1.0327,518907.0,1112142.0,2.1432,6200.0,637.0,27073.0,35428.0,24300,260707.0,24200,296263.0,24200,2197.0,24200,1220.0,145.45,57.05,202.5,145.45,145.8,57.05,57.2,202.5,203.0,202.75,12.47,6.97,True,False,True,true one-minute NIFTY futures OHLCV/VWAP unavailable; scheduled-event status not supplied
2.1.0,20260828_110103_001,2026-08-28T11:01:03+05:30,2026-08-28T11:01:03+05:30,2026-09-01,24154.95,24150,24150,23550,24750,25,False,,,10.8,2089675.0,2156954.0,1.0322,523281.0,1115567.0,2.1319,4374.0,3425.0,45308.0,76033.0,24300,261584.0,24200,297055.0,24200,1202.0,24100,1051.0,145.0,58.0,203.0,144.75,145.0,57.8,58.0,202.55,203.0,202.775,12.47,7.02,True,False,True,true one-minute NIFTY futures OHLCV/VWAP unavailable; scheduled-event status not supplied
2.1.0,20260828_110203_000,2026-08-28T11:02:03+05:30,2026-08-28T11:02:03+05:30,2026-09-01,24159.7,24150,24150,23550,24750,25,False,,,10.79,2091629.0,2160581.0,1.033,525235.0,1119194.0,2.1308,1954.0,3627.0,37355.0,61063.0,24300,261689.0,24200,296641.0,24200,1005.0,24150,691.0,149.0,55.4,204.4,148.8,149.0,55.4,55.55,204.2,204.55,204.375,12.54,7.01,True,False,True,true one-minute NIFTY futures OHLCV/VWAP unavailable; scheduled-event status not supplied
2.1.0,20260828_110303_000,2026-08-28T11:03:03+05:30,2026-08-28T11:03:03+05:30,2026-09-01,24160.45,24150,24150,23550,24750,25,False,,,10.77,2088715.0,2154932.0,1.0317,522321.0,1113545.0,2.1319,-2914.0,-5649.0,50857.0,46526.0,24300,260222.0,24200,294208.0,24250,435.0,24000,268.0,148.9,55.45,204.35,148.85,148.9,55.4,55.55,204.25,204.45,204.35,12.54,7.03,True,False,True,true one-minute NIFTY futures OHLCV/VWAP unavailable; scheduled-event status not supplied
2.1.0,20260828_110310_607,2026-08-28T11:03:10+05:30,2026-08-28T11:03:10+05:30,2026-09-01,24160.45,24150,24150,23550,24750,25,False,,,10.76,2088712.0,2154934.0,1.0317,522318.0,1113547.0,2.1319,-3.0,2.0,3402.0,3260.0,24300,260222.0,24200,294208.0,,,24600,6.0,148.5,55.75,204.25,148.5,148.8,55.6,55.75,204.1,204.55,204.325,12.5,7.05,True,False,True,true one-minute NIFTY futures OHLCV/VWAP unavailable; scheduled-event status not supplied
2.1.0,20260828_110403_001,2026-08-28T11:04:03+05:30,2026-08-28T11:04:03+05:30,2026-09-01,24158.55,24150,24150,23550,24750,25,False,,,10.76,2093669.0,2159925.0,1.0316,527275.0,1118538.0,2.1214,4957.0,4991.0,26625.0,31520.0,24300,260675.0,24200,295212.0,24200,993.0,24150,1796.0,146.3,56.7,203.0,146.45,146.75,56.45,56.65,202.9,203.4,203.15,12.42,7.05,True,False,True,true one-minute NIFTY futures OHLCV/VWAP unavailable; scheduled-event status not supplied
2.1.0,20260828_110502_999,2026-08-28T11:05:02+05:30,2026-08-28T11:05:02+05:30,2026-09-01,24160.5,24150,24150,23550,24750,25,False,,,10.74,2095044.0,2162187.0,1.032,528650.0,1120800.0,2.1201,1375.0,2262.0,27153.0,40210.0,24300,260894.0,24200,295501.0,24100,230.0,24150,1083.0,150.0,54.3,204.3,149.3,149.6,54.45,54.6,203.75,204.2,203.975,12.63,6.95,True,False,True,true one-minute NIFTY futures OHLCV/VWAP unavailable; scheduled-event status not supplied
2.1.0,20260828_110603_000,2026-08-28T11:06:03+05:30,2026-08-28T11:06:03+05:30,2026-09-01,24157.45,24150,24150,23550,24750,25,False,,,10.74,2095572.0,2166400.0,1.0338,529178.0,1125013.0,2.126,528.0,4213.0,24476.0,30446.0,24300,260581.0,24200,295222.0,24500,420.0,24100,1644.0,148.0,55.35,203.35,148.6,149.0,55.05,55.2,203.65,204.2,203.925,12.57,6.98,True,False,True,true one-minute NIFTY futures OHLCV/VWAP unavailable; scheduled-event status not supplied
2.1.0,20260828_110703_000,2026-08-28T11:07:03+05:30,2026-08-28T11:07:03+05:30,2026-09-01,24154.95,24150,24150,23550,24750,25,False,,,10.77,2099494.0,2170349.0,1.0337,533100.0,1128962.0,2.1177,3922.0,3949.0,44230.0,45154.0,24300,261308.0,24200,296143.0,24250,1011.0,24200,921.0,145.0,57.5,202.5,144.65,144.85,57.4,57.5,202.05,202.35,202.2,12.45,7.0,True,False,True,true one-minute NIFTY futures OHLCV/VWAP unavailable; scheduled-event status not supplied
2.1.0,20260828_110803_000,2026-08-28T11:08:03+05:30,2026-08-28T11:08:03+05:30,2026-09-01,24151.0,24150,24150,23550,24750,25,False,,,10.69,2100094.0,2158001.0,1.0276,533700.0,1116614.0,2.0922,600.0,-12348.0,85419.0,92509.0,24300,263161.0,24200,295334.0,24300,1853.0,24050,621.0,143.25,58.1,201.35,142.95,143.25,58.05,58.25,201.0,201.5,201.25,12.54,6.88,True,False,True,true one-minute NIFTY futures OHLCV/VWAP unavailable; scheduled-event status not supplied
2.1.0,20260828_110902_999,2026-08-28T11:09:02+05:30,2026-08-28T11:09:02+05:30,2026-09-01,24149.9,24150,24150,23550,24750,25,False,,,10.69,2104621.0,2161072.0,1.0268,538227.0,1119685.0,2.0803,4527.0,3071.0,45477.0,55918.0,24300,264078.0,24200,295899.0,24200,1547.0,24100,1146.0,142.0,58.9,200.9,142.0,142.1,58.75,58.9,200.75,201.0,200.875,12.32,6.99,True,False,True,true one-minute NIFTY futures OHLCV/VWAP unavailable; scheduled-event status not supplied
2.1.0,20260828_111003_000,2026-08-28T11:10:03+05:30,2026-08-28T11:10:03+05:30,2026-09-01,24142.65,24150,24150,23550,24750,25,False,,,10.72,2101283.0,2144750.0,1.0207,534889.0,1103363.0,2.0628,-3338.0,-16322.0,155553.0,214513.0,24300,263874.0,24200,292823.0,24500,355.0,24550,290.0,137.15,61.8,198.95,136.6,136.95,62.0,62.1,198.6,199.05,198.825,12.34,6.89,True,False,True,true one-minute NIFTY futures OHLCV/VWAP unavailable; scheduled-event status not supplied
2.1.0,20260828_111103_000,2026-08-28T11:11:03+05:30,2026-08-28T11:11:03+05:30,2026-09-01,24146.2,24150,24150,23550,24750,25,False,,,10.71,2108291.0,2128666.0,1.0097,541897.0,1087279.0,2.0064,7008.0,-16084.0,66705.0,108439.0,24300,262952.0,24200,286923.0,24600,3819.0,24100,886.0,138.4,60.7,199.1,138.35,138.7,60.7,60.9,199.05,199.6,199.325,12.36,6.91,True,False,True,true one-minute NIFTY futures OHLCV/VWAP unavailable; scheduled-event status not supplied
2.1.0,20260828_111203_000,2026-08-28T11:12:03+05:30,2026-08-28T11:12:03+05:30,2026-09-01,24147.15,24150,24150,23550,24750,25,False,,,10.73,2119602.0,2132612.0,1.0061,553208.0,1091225.0,1.9725,11311.0,3946.0,46343.0,86781.0,24300,264498.0,24200,286432.0,24200,2742.0,24100,2406.0,137.9,61.4,199.3,137.55,137.95,61.1,61.25,198.65,199.2,198.925,12.21,6.96,True,False,True,true one-minute NIFTY futures OHLCV/VWAP unavailable; scheduled-event status not supplied
2.1.0,20260828_111303_000,2026-08-28T11:13:03+05:30,2026-08-28T11:13:03+05:30,2026-09-01,24156.3,24150,24150,23550,24750,25,False,,,10.72,2120320.0,2120232.0,1.0,553926.0,1078845.0,1.9476,718.0,-12380.0,94611.0,135971.0,24300,264193.0,24200,281680.0,24400,1574.0,23950,305.0,143.6,56.9,200.5,143.65,144.0,56.75,56.9,200.4,200.9,200.65,12.31,7.0,True,False,True,true one-minute NIFTY futures OHLCV/VWAP unavailable; scheduled-event status not supplied
